Timestamp,Date,Open,High,Low,Close
2022.12.30 00:00:00,2022.12.30 00:00:00,325432.63000,334573.45000,320295.91000,330376.19000
2022.12.31 00:00:00,2022.12.31 00:00:00,330421.18000,339162.03000,323533.32000,332269.83000
2023.01.01 00:00:00,2023.01.01 00:00:00,332260.72000,344163.34000,331526.52000,338970.26000
2023.01.02 00:00:00,2023.01.02 00:00:00,338980.87000,352296.26000,335127.93000,350616.94000
2023.01.03 00:00:00,2023.01.03 00:00:00,350653.65000,352903.42000,324377.43000,332344.91000
2023.01.04 00:00:00,2023.01.04 00:00:00,332272.24000,339054.92000,330128.57000,330400.14000
2023.01.05 00:00:00,2023.01.05 00:00:00,330253.13000,337431.33000,321222.65000,334951.99000
2023.01.06 00:00:00,2023.01.06 00:00:00,334966.15000,345436.95000,332305.75000,343367.65000
2023.01.07 00:00:00,2023.01.07 00:00:00,343282.11000,356156.72000,339158.19000,339627.02000
2023.01.08 00:00:00,2023.01.08 00:00:00,339576.60000,342632.76000,323635.42000,334053.57000
2023.01.09 00:00:00,2023.01.09 00:00:00,334078.93000,341357.23000,325341.00000,326337.00000
2023.01.10 00:00:00,2023.01.10 00:00:00,326341.37000,326711.92000,303695.85000,310336.80000
2023.01.11 00:00:00,2023.01.11 00:00:00,310398.29000,341899.46000,310243.88000,329199.06000
2023.01.12 00:00:00,2023.01.12 00:00:00,329150.19000,337363.02000,321322.93000,331886.52000
2023.01.13 00:00:00,2023.01.13 00:00:00,331895.49000,337262.06000,323645.52000,337019.88000
2023.01.14 00:00:00,2023.01.14 00:00:00,336946.09000,345472.10000,331364.76000,339784.54000
2023.01.15 00:00:00,2023.01.15 00:00:00,339778.83000,344605.81000,334168.69000,343899.36000
2023.01.16 00:00:00,2023.01.16 00:00:00,343861.78000,380384.74000,343800.15000,368787.93000
2023.01.17 00:00:00,2023.01.17 00:00:00,368788.30000,379242.38000,363383.64000,372993.47000
2023.01.18 00:00:00,2023.01.18 00:00:00,373019.54000,383410.60000,368124.94000,372165.62000
2023.01.19 00:00:00,2023.01.19 00:00:00,372069.60000,386109.79000,371022.55000,379661.32000
2023.01.20 00:00:00,2023.01.20 00:00:00,379640.55000,400747.92000,377989.46000,381706.76000
2023.01.21 00:00:00,2023.01.21 00:00:00,381694.00000,394949.42000,369070.66000,372093.90000
2023.01.22 00:00:00,2023.01.22 00:00:00,371967.80000,384880.94000,366609.34000,378354.25000
2023.01.23 00:00:00,2023.01.23 00:00:00,378324.40000,399239.42000,376685.96000,380903.36000
2023.01.24 00:00:00,2023.01.24 00:00:00,380816.98000,390491.62000,374272.27000,384980.62000
2023.01.25 00:00:00,2023.01.25 00:00:00,384952.93000,390338.20000,377856.48000,383667.40000
2023.01.26 00:00:00,2023.01.26 00:00:00,383568.72000,385874.86000,371004.13000,384520.95000
2023.01.27 00:00:00,2023.01.27 00:00:00,384528.10000,395869.17000,381649.11000,387468.10000
2023.01.28 00:00:00,2023.01.28 00:00:00,387520.59000,404281.52000,384839.48000,389089.97000
2023.01.29 00:00:00,2023.01.29 00:00:00,389153.43000,410590.73000,386685.42000,393486.26000
2023.01.30 00:00:00,2023.01.30 00:00:00,393583.46000,406289.16000,390109.47000,398845.07000
2023.01.31 00:00:00,2023.01.31 00:00:00,398898.71000,409161.35000,392697.09000,401257.29000
2023.02.01 00:00:00,2023.02.01 00:00:00,401274.00000,401582.41000,370700.38000,373355.05000
2023.02.02 00:00:00,2023.02.02 00:00:00,373378.65000,379900.73000,336129.46000,336589.87000
2023.02.03 00:00:00,2023.02.03 00:00:00,336539.36000,395709.21000,332732.92000,393587.03000
2023.02.04 00:00:00,2023.02.04 00:00:00,393614.27000,394640.46000,374128.46000,377724.22000
2023.02.05 00:00:00,2023.02.05 00:00:00,377709.21000,391572.57000,375637.16000,387063.39000
2023.02.06 00:00:00,2023.02.06 00:00:00,386940.48000,413666.05000,385286.13000,404458.31000
2023.02.07 00:00:00,2023.02.07 00:00:00,404505.59000,409924.95000,383360.21000,387097.40000
2023.02.08 00:00:00,2023.02.08 00:00:00,387040.28000,387999.88000,361658.65000,365816.89000
2023.02.09 00:00:00,2023.02.09 00:00:00,365705.36000,371843.70000,351986.76000,357599.40000
2023.02.10 00:00:00,2023.02.10 00:00:00,357513.79000,359953.16000,340144.05000,355129.21000
2023.02.11 00:00:00,2023.02.11 00:00:00,355198.56000,358324.53000,335004.28000,344970.66000
2023.02.12 00:00:00,2023.02.12 00:00:00,344981.44000,350294.52000,338029.92000,350166.60000
2023.02.13 00:00:00,2023.02.13 00:00:00,350092.58000,361192.16000,344627.58000,348475.75000
2023.02.14 00:00:00,2023.02.14 00:00:00,348351.81000,356551.74000,341351.02000,346292.34000
2023.02.15 00:00:00,2023.02.15 00:00:00,346280.59000,365570.92000,342682.85000,362104.23000
2023.02.16 00:00:00,2023.02.16 00:00:00,361996.60000,365987.01000,340557.16000,344165.78000
2023.02.17 00:00:00,2023.02.17 00:00:00,344154.06000,363953.29000,343833.03000,352894.08000
2023.02.18 00:00:00,2023.02.18 00:00:00,352984.16000,354432.12000,329986.52000,331732.13000
2023.02.19 00:00:00,2023.02.19 00:00:00,331758.57000,332595.56000,311848.93000,314749.04000
2023.02.20 00:00:00,2023.02.20 00:00:00,314738.15000,328464.66000,307998.37000,319532.56000
2023.02.21 00:00:00,2023.02.21 00:00:00,319614.25000,324288.70000,311316.32000,320431.35000
2023.02.22 00:00:00,2023.02.22 00:00:00,320465.41000,328486.99000,311682.14000,327396.99000
2023.02.23 00:00:00,2023.02.23 00:00:00,327400.97000,341773.16000,327400.97000,335028.29000
2023.02.24 00:00:00,2023.02.24 00:00:00,334886.86000,352945.84000,332158.66000,351740.10000
2023.02.25 00:00:00,2023.02.25 00:00:00,351730.93000,384057.25000,343101.38000,376191.07000
2023.02.26 00:00:00,2023.02.26 00:00:00,376258.05000,392843.58000,374636.72000,384153.80000
2023.02.27 00:00:00,2023.02.27 00:00:00,384097.28000,389129.99000,357475.44000,357925.01000
2023.02.28 00:00:00,2023.02.28 00:00:00,357807.51000,360079.16000,334761.61000,335198.07000
2023.03.01 00:00:00,2023.03.01 00:00:00,335215.06000,342448.03000,317078.22000,320709.79000
2023.03.02 00:00:00,2023.03.02 00:00:00,320724.55000,323045.56000,302132.90000,305505.40000
2023.03.03 00:00:00,2023.03.03 00:00:00,305528.40000,320439.68000,303600.21000,319214.07000
2023.03.04 00:00:00,2023.03.04 00:00:00,319092.78000,323882.73000,306120.22000,312749.52000
2023.03.05 00:00:00,2023.03.05 00:00:00,312787.12000,318460.92000,297775.36000,304287.86000
2023.03.06 00:00:00,2023.03.06 00:00:00,304156.01000,305804.11000,284528.62000,287282.54000
2023.03.07 00:00:00,2023.03.07 00:00:00,287271.69000,293700.42000,275098.29000,278854.28000
2023.03.08 00:00:00,2023.03.08 00:00:00,278700.38000,283182.91000,273971.56000,276673.68000
2023.03.09 00:00:00,2023.03.09 00:00:00,276659.86000,289692.02000,268931.23000,287218.56000
2023.03.10 00:00:00,2023.03.10 00:00:00,287292.85000,305689.36000,285349.33000,296397.56000
2023.03.11 00:00:00,2023.03.11 00:00:00,296409.33000,300356.26000,281685.88000,283153.31000
2023.03.12 00:00:00,2023.03.12 00:00:00,282999.31000,288610.90000,263905.78000,267132.06000
2023.03.13 00:00:00,2023.03.13 00:00:00,267135.38000,272648.50000,258653.29000,261303.18000
2023.03.14 00:00:00,2023.03.14 00:00:00,261372.48000,283443.74000,261223.96000,277540.89000
2023.03.15 00:00:00,2023.03.15 00:00:00,277575.48000,282688.37000,268692.20000,281347.55000
2023.03.16 00:00:00,2023.03.16 00:00:00,281334.05000,298066.79000,276050.86000,288115.04000
2023.03.17 00:00:00,2023.03.17 00:00:00,288153.02000,289180.83000,272346.50000,279361.25000
2023.03.18 00:00:00,2023.03.18 00:00:00,279396.94000,305101.59000,279396.94000,303404.09000
2023.03.19 00:00:00,2023.03.19 00:00:00,303426.17000,307141.45000,285590.97000,285692.51000
2023.03.20 00:00:00,2023.03.20 00:00:00,285715.95000,286314.08000,265528.24000,269644.23000
2023.03.21 00:00:00,2023.03.21 00:00:00,269690.81000,277845.56000,266654.20000,271604.58000
2023.03.22 00:00:00,2023.03.22 00:00:00,271572.30000,278811.48000,257647.36000,258286.82000
2023.03.23 00:00:00,2023.03.23 00:00:00,258322.46000,265771.52000,254309.89000,265250.07000
2023.03.24 00:00:00,2023.03.24 00:00:00,265188.28000,270741.92000,258634.41000,269035.25000
2023.03.25 00:00:00,2023.03.25 00:00:00,269041.10000,270649.62000,259145.05000,263633.32000
2023.03.26 00:00:00,2023.03.26 00:00:00,263739.42000,271972.59000,256746.77000,270110.16000
2023.03.27 00:00:00,2023.03.27 00:00:00,270114.92000,304779.74000,268106.44000,293686.05000
2023.03.28 00:00:00,2023.03.28 00:00:00,293765.47000,315289.10000,291968.08000,308307.25000
2023.03.29 00:00:00,2023.03.29 00:00:00,308353.16000,339240.12000,307466.41000,338204.22000
2023.03.30 00:00:00,2023.03.30 00:00:00,338181.86000,352929.31000,328734.26000,334911.35000
2023.03.31 00:00:00,2023.03.31 00:00:00,334923.90000,357342.31000,315129.96000,351728.37000
2023.04.01 00:00:00,2023.04.01 00:00:00,351697.73000,352452.03000,329996.57000,337127.18000
2023.04.02 00:00:00,2023.04.02 00:00:00,337037.34000,338030.19000,313087.29000,316207.16000
2023.04.03 00:00:00,2023.04.03 00:00:00,316197.19000,321521.29000,302062.51000,304602.87000
2023.04.04 00:00:00,2023.04.04 00:00:00,304676.39000,311196.87000,297678.34000,306424.90000
2023.04.05 00:00:00,2023.04.05 00:00:00,306345.16000,328322.75000,294964.27000,326475.39000
2023.04.06 00:00:00,2023.04.06 00:00:00,326451.60000,353482.45000,316317.90000,353148.16000
2023.04.07 00:00:00,2023.04.07 00:00:00,353272.46000,363430.73000,345012.94000,357463.14000
2023.04.08 00:00:00,2023.04.08 00:00:00,357545.90000,357779.09000,331517.75000,338258.86000
2023.04.09 00:00:00,2023.04.09 00:00:00,338267.18000,369952.67000,337250.35000,359038.10000
2023.04.10 00:00:00,2023.04.10 00:00:00,359051.39000,362742.57000,337156.03000,343845.98000
2023.04.11 00:00:00,2023.04.11 00:00:00,343819.63000,348550.53000,331891.38000,345389.95000
2023.04.12 00:00:00,2023.04.12 00:00:00,345366.28000,363158.69000,340003.42000,360882.00000
2023.04.13 00:00:00,2023.04.13 00:00:00,360811.77000,384581.92000,359550.95000,379527.17000
2023.04.14 00:00:00,2023.04.14 00:00:00,379551.29000,389129.96000,365791.94000,377007.20000
2023.04.15 00:00:00,2023.04.15 00:00:00,377008.04000,396229.31000,369753.95000,386423.14000
2023.04.16 00:00:00,2023.04.16 00:00:00,386320.81000,395707.35000,369914.20000,375951.70000
2023.04.17 00:00:00,2023.04.17 00:00:00,375930.67000,393968.24000,374748.35000,381610.45000
2023.04.18 00:00:00,2023.04.18 00:00:00,381581.84000,399246.50000,381541.62000,393407.01000
2023.04.19 00:00:00,2023.04.19 00:00:00,393371.66000,421804.84000,385391.77000,404946.83000
2023.04.20 00:00:00,2023.04.20 00:00:00,404835.12000,422116.97000,399598.31000,418312.83000
2023.04.21 00:00:00,2023.04.21 00:00:00,418341.57000,436034.39000,416883.39000,419673.64000
2023.04.22 00:00:00,2023.04.22 00:00:00,419671.92000,450809.22000,416079.10000,440775.34000
2023.04.23 00:00:00,2023.04.23 00:00:00,440816.33000,460472.48000,437326.18000,442484.30000
2023.04.24 00:00:00,2023.04.24 00:00:00,442612.44000,451780.57000,436234.04000,441341.92000
2023.04.25 00:00:00,2023.04.25 00:00:00,441267.57000,459297.23000,436311.89000,444600.28000
2023.04.26 00:00:00,2023.04.26 00:00:00,444599.50000,445564.13000,409576.48000,409576.48000
2023.04.27 00:00:00,2023.04.27 00:00:00,409694.33000,418080.29000,404481.41000,405364.89000
2023.04.28 00:00:00,2023.04.28 00:00:00,405374.74000,422010.35000,401258.14000,406169.65000
2023.04.29 00:00:00,2023.04.29 00:00:00,406160.51000,413193.11000,392954.79000,397174.21000
2023.04.30 00:00:00,2023.04.30 00:00:00,397119.22000,399781.44000,377356.56000,379103.41000
2023.05.01 00:00:00,2023.05.01 00:00:00,379186.20000,404019.36000,376636.94000,389817.28000
2023.05.02 00:00:00,2023.05.02 00:00:00,389731.42000,406898.40000,384523.27000,385634.25000
2023.05.03 00:00:00,2023.05.03 00:00:00,385665.34000,392239.54000,371940.96000,391788.90000
2023.05.04 00:00:00,2023.05.04 00:00:00,391635.84000,401715.71000,382902.56000,391352.62000
2023.05.05 00:00:00,2023.05.05 00:00:00,391346.79000,418035.56000,390698.41000,413302.43000
2023.05.06 00:00:00,2023.05.06 00:00:00,413327.94000,417015.37000,386719.15000,407088.14000
2023.05.07 00:00:00,2023.05.07 00:00:00,406967.60000,408922.24000,384183.15000,386144.26000
2023.05.08 00:00:00,2023.05.08 00:00:00,386156.25000,396818.95000,376148.81000,388156.53000
2023.05.09 00:00:00,2023.05.09 00:00:00,388279.23000,393280.10000,363237.07000,371848.42000
2023.05.10 00:00:00,2023.05.10 00:00:00,371816.89000,399442.60000,363845.35000,391439.95000
2023.05.11 00:00:00,2023.05.11 00:00:00,391411.59000,396220.31000,371070.44000,371762.69000
2023.05.12 00:00:00,2023.05.12 00:00:00,371746.13000,378050.52000,361747.81000,361826.81000
2023.05.13 00:00:00,2023.05.13 00:00:00,361804.89000,375034.11000,358005.90000,363857.30000
2023.05.14 00:00:00,2023.05.14 00:00:00,363836.32000,378419.28000,363512.54000,374561.21000
2023.05.15 00:00:00,2023.05.15 00:00:00,374453.46000,383564.78000,368096.83000,369620.75000
2023.05.16 00:00:00,2023.05.16 00:00:00,369636.97000,370490.11000,348609.25000,348760.19000
2023.05.17 00:00:00,2023.05.17 00:00:00,348737.91000,354087.91000,335491.41000,338908.95000
2023.05.18 00:00:00,2023.05.18 00:00:00,338956.37000,340616.92000,329663.88000,333373.16000
2023.05.19 00:00:00,2023.05.19 00:00:00,333309.42000,335177.06000,315824.81000,328037.03000
2023.05.20 00:00:00,2023.05.20 00:00:00,328042.65000,337845.09000,324838.38000,337737.79000
2023.05.21 00:00:00,2023.05.21 00:00:00,337659.06000,343972.28000,323042.23000,330201.15000
2023.05.22 00:00:00,2023.05.22 00:00:00,330131.94000,345241.22000,325361.04000,332427.33000
2023.05.23 00:00:00,2023.05.23 00:00:00,332465.13000,338315.80000,325741.15000,333720.74000
2023.05.24 00:00:00,2023.05.24 00:00:00,333806.78000,362294.59000,331085.96000,359481.15000
2023.05.25 00:00:00,2023.05.25 00:00:00,359496.64000,368718.39000,346868.66000,351635.00000
2023.05.26 00:00:00,2023.05.26 00:00:00,351680.55000,367613.42000,345039.87000,361837.61000
2023.05.27 00:00:00,2023.05.27 00:00:00,361860.50000,383822.79000,355973.89000,381043.44000
2023.05.28 00:00:00,2023.05.28 00:00:00,380955.45000,384137.90000,371222.24000,375735.51000
2023.05.29 00:00:00,2023.05.29 00:00:00,375825.13000,391381.96000,366950.92000,387135.13000
2023.05.30 00:00:00,2023.05.30 00:00:00,387104.45000,387267.35000,372111.29000,381661.92000
2023.05.31 00:00:00,2023.05.31 00:00:00,381604.85000,393622.27000,380030.05000,384712.72000
2023.06.01 00:00:00,2023.06.01 00:00:00,384761.01000,392874.09000,362757.98000,368267.53000
2023.06.02 00:00:00,2023.06.02 00:00:00,368273.38000,382257.57000,364893.43000,372599.96000
2023.06.03 00:00:00,2023.06.03 00:00:00,372592.47000,389144.42000,369702.41000,383365.84000
2023.06.04 00:00:00,2023.06.04 00:00:00,383293.36000,383719.55000,360114.81000,361065.65000
2023.06.05 00:00:00,2023.06.05 00:00:00,361152.61000,365954.72000,338236.32000,342373.68000
2023.06.06 00:00:00,2023.06.06 00:00:00,342420.29000,350220.57000,334052.32000,337340.98000
2023.06.07 00:00:00,2023.06.07 00:00:00,337364.71000,350822.23000,334931.21000,340836.47000
2023.06.08 00:00:00,2023.06.08 00:00:00,340839.79000,353993.12000,338693.48000,349185.82000
2023.06.09 00:00:00,2023.06.09 00:00:00,349108.88000,352691.49000,331442.81000,340211.49000
2023.06.10 00:00:00,2023.06.10 00:00:00,340158.68000,362147.37000,337150.68000,362147.37000
2023.06.11 00:00:00,2023.06.11 00:00:00,362175.59000,383216.49000,360017.90000,383071.01000
2023.06.12 00:00:00,2023.06.12 00:00:00,383107.18000,392463.90000,376848.03000,384407.00000
2023.06.13 00:00:00,2023.06.13 00:00:00,384310.24000,389013.49000,367926.13000,373219.94000
2023.06.14 00:00:00,2023.06.14 00:00:00,373301.76000,384765.63000,363339.93000,376220.57000
2023.06.15 00:00:00,2023.06.15 00:00:00,376152.12000,381451.26000,358096.57000,376356.51000
2023.06.16 00:00:00,2023.06.16 00:00:00,376384.20000,394837.10000,374208.29000,389301.18000
2023.06.17 00:00:00,2023.06.17 00:00:00,389307.64000,403158.16000,388339.89000,398323.52000
2023.06.18 00:00:00,2023.06.18 00:00:00,398417.89000,408759.53000,376136.58000,376260.96000
2023.06.19 00:00:00,2023.06.19 00:00:00,376183.19000,384089.28000,364327.27000,372325.92000
2023.06.20 00:00:00,2023.06.20 00:00:00,372258.46000,379706.32000,369093.39000,370329.07000
2023.06.21 00:00:00,2023.06.21 00:00:00,370351.16000,379215.79000,367929.13000,379007.02000
2023.06.22 00:00:00,2023.06.22 00:00:00,378964.64000,394996.48000,375178.28000,381952.40000
2023.06.23 00:00:00,2023.06.23 00:00:00,382020.32000,400544.32000,376655.47000,385646.08000
2023.06.24 00:00:00,2023.06.24 00:00:00,385725.44000,388545.87000,370845.69000,376498.51000
2023.06.25 00:00:00,2023.06.25 00:00:00,376403.42000,392535.46000,372310.65000,385306.06000
2023.06.26 00:00:00,2023.06.26 00:00:00,385216.38000,398207.83000,372935.76000,381684.04000
2023.06.27 00:00:00,2023.06.27 00:00:00,381875.35000,390368.83000,370465.77000,372720.47000
2023.06.28 00:00:00,2023.06.28 00:00:00,372736.16000,382263.58000,370246.94000,374163.79000
2023.06.29 00:00:00,2023.06.29 00:00:00,373992.70000,379725.22000,362771.52000,368492.49000
2023.06.30 00:00:00,2023.06.30 00:00:00,368543.61000,378172.47000,361627.87000,369631.83000
2023.07.01 00:00:00,2023.07.01 00:00:00,369656.08000,373071.93000,364038.51000,371209.13000
2023.07.02 00:00:00,2023.07.02 00:00:00,371217.96000,372858.93000,360815.56000,371814.35000
2023.07.03 00:00:00,2023.07.03 00:00:00,371828.58000,388115.12000,368498.38000,386803.00000
2023.07.04 00:00:00,2023.07.04 00:00:00,386668.06000,390695.32000,369773.30000,376422.69000
2023.07.05 00:00:00,2023.07.05 00:00:00,376318.56000,378268.88000,343816.39000,346329.56000
2023.07.06 00:00:00,2023.07.06 00:00:00,346275.60000,365487.90000,339963.92000,355323.17000
2023.07.07 00:00:00,2023.07.07 00:00:00,355255.14000,355937.11000,340809.75000,346187.22000
2023.07.08 00:00:00,2023.07.08 00:00:00,346162.85000,352905.23000,334327.32000,341560.84000
2023.07.09 00:00:00,2023.07.09 00:00:00,341567.29000,346732.20000,332592.29000,340781.66000
2023.07.10 00:00:00,2023.07.10 00:00:00,340832.93000,368497.90000,339746.80000,359388.11000
2023.07.11 00:00:00,2023.07.11 00:00:00,359329.70000,378134.77000,356552.84000,372651.07000
2023.07.12 00:00:00,2023.07.12 00:00:00,372693.96000,390592.44000,367689.39000,386864.25000
2023.07.13 00:00:00,2023.07.13 00:00:00,386878.29000,395150.62000,372993.23000,393042.75000
2023.07.14 00:00:00,2023.07.14 00:00:00,393132.48000,404585.86000,389323.39000,393222.50000
2023.07.15 00:00:00,2023.07.15 00:00:00,393206.38000,401186.32000,382641.54000,398480.85000
2023.07.16 00:00:00,2023.07.16 00:00:00,398414.20000,400618.62000,380441.18000,389313.14000
2023.07.17 00:00:00,2023.07.17 00:00:00,389391.95000,390815.96000,371689.75000,375193.24000
2023.07.18 00:00:00,2023.07.18 00:00:00,375159.24000,380151.67000,355229.53000,363310.28000
2023.07.19 00:00:00,2023.07.19 00:00:00,363199.28000,365514.24000,338341.77000,338693.01000
2023.07.20 00:00:00,2023.07.20 00:00:00,338707.90000,340299.87000,312005.94000,312270.46000
2023.07.21 00:00:00,2023.07.21 00:00:00,312232.32000,336995.69000,305643.37000,333731.65000
2023.07.22 00:00:00,2023.07.22 00:00:00,333670.06000,339777.78000,319042.14000,326704.88000
2023.07.23 00:00:00,2023.07.23 00:00:00,326743.12000,357788.54000,323471.29000,356394.11000
2023.07.24 00:00:00,2023.07.24 00:00:00,356488.99000,364990.96000,353638.62000,356022.04000
2023.07.25 00:00:00,2023.07.25 00:00:00,356109.14000,360585.26000,329488.70000,332062.05000
2023.07.26 00:00:00,2023.07.26 00:00:00,332044.34000,349059.65000,324556.51000,345058.36000
2023.07.27 00:00:00,2023.07.27 00:00:00,345144.41000,358927.23000,334109.64000,345747.39000
2023.07.28 00:00:00,2023.07.28 00:00:00,345712.56000,348655.09000,325926.05000,328072.50000
2023.07.29 00:00:00,2023.07.29 00:00:00,327990.70000,337445.84000,321263.00000,332045.21000
2023.07.30 00:00:00,2023.07.30 00:00:00,331904.32000,347975.84000,321794.69000,345060.18000
2023.07.31 00:00:00,2023.07.31 00:00:00,345080.23000,360118.09000,336098.89000,350122.95000
2023.08.01 00:00:00,2023.08.01 00:00:00,350141.95000,360253.77000,343275.84000,358241.08000
2023.08.02 00:00:00,2023.08.02 00:00:00,358282.34000,361418.33000,343772.25000,345005.50000
2023.08.03 00:00:00,2023.08.03 00:00:00,344898.28000,353395.92000,337721.67000,339068.45000
2023.08.04 00:00:00,2023.08.04 00:00:00,339009.49000,368111.64000,336661.04000,360072.98000
2023.08.05 00:00:00,2023.08.05 00:00:00,360176.94000,373474.52000,350739.88000,371315.04000
2023.08.06 00:00:00,2023.08.06 00:00:00,371210.28000,379699.37000,362498.37000,378919.07000
2023.08.07 00:00:00,2023.08.07 00:00:00,378857.71000,388752.57000,363968.88000,368996.56000
2023.08.08 00:00:00,2023.08.08 00:00:00,368921.75000,393653.09000,366690.51000,378589.37000
2023.08.09 00:00:00,2023.08.09 00:00:00,378505.18000,392943.90000,368096.24000,369244.60000
2023.08.10 00:00:00,2023.08.10 00:00:00,369349.24000,385542.08000,359954.48000,381136.91000
2023.08.11 00:00:00,2023.08.11 00:00:00,381206.02000,390492.64000,376535.08000,381712.34000
2023.08.12 00:00:00,2023.08.12 00:00:00,381607.47000,393047.52000,380295.76000,387776.30000
2023.08.13 00:00:00,2023.08.13 00:00:00,387795.11000,413508.09000,385021.48000,403416.36000
2023.08.14 00:00:00,2023.08.14 00:00:00,403402.48000,427784.39000,400708.99000,422527.77000
2023.08.15 00:00:00,2023.08.15 00:00:00,422471.96000,435299.78000,410168.79000,415133.62000
2023.08.16 00:00:00,2023.08.16 00:00:00,415145.78000,417492.01000,389307.50000,393248.38000
2023.08.17 00:00:00,2023.08.17 00:00:00,393311.54000,393973.42000,361473.76000,369432.18000
2023.08.18 00:00:00,2023.08.18 00:00:00,369328.63000,373586.82000,350312.52000,353223.25000
2023.08.19 00:00:00,2023.08.19 00:00:00,353283.58000,359947.96000,336613.87000,350911.42000
2023.08.20 00:00:00,2023.08.20 00:00:00,350826.01000,362840.91000,340475.09000,361512.55000
2023.08.21 00:00:00,2023.08.21 00:00:00,361482.09000,381196.90000,358011.44000,380972.54000
2023.08.22 00:00:00,2023.08.22 00:00:00,381057.16000,389698.18000,368549.82000,385290.11000
2023.08.23 00:00:00,2023.08.23 00:00:00,385341.07000,393111.85000,376242.19000,389103.97000
2023.08.24 00:00:00,2023.08.24 00:00:00,389125.36000,405576.12000,382834.41000,389533.98000
2023.08.25 00:00:00,2023.08.25 00:00:00,389394.13000,396035.97000,376359.07000,384299.52000
2023.08.26 00:00:00,2023.08.26 00:00:00,384217.92000,385186.59000,362713.79000,367432.45000
2023.08.27 00:00:00,2023.08.27 00:00:00,367318.32000,369055.46000,348141.04000,357428.95000
2023.08.28 00:00:00,2023.08.28 00:00:00,357461.05000,375324.44000,354099.22000,359645.39000
2023.08.29 00:00:00,2023.08.29 00:00:00,359660.63000,378756.36000,354101.81000,375142.30000
2023.08.30 00:00:00,2023.08.30 00:00:00,375075.89000,379961.36000,363216.04000,373101.32000
2023.08.31 00:00:00,2023.08.31 00:00:00,373054.07000,373621.43000,343092.51000,345890.36000
2023.09.01 00:00:00,2023.09.01 00:00:00,345904.51000,351245.05000,336068.07000,346750.11000
2023.09.02 00:00:00,2023.09.02 00:00:00,346676.82000,359893.11000,339855.12000,357750.17000
2023.09.03 00:00:00,2023.09.03 00:00:00,357817.60000,374124.36000,350786.92000,360802.63000
2023.09.04 00:00:00,2023.09.04 00:00:00,360801.58000,380501.18000,359617.71000,376754.23000
2023.09.05 00:00:00,2023.09.05 00:00:00,376687.59000,377083.91000,354665.87000,355657.35000
2023.09.06 00:00:00,2023.09.06 00:00:00,355562.11000,357423.22000,343797.29000,344820.91000
2023.09.07 00:00:00,2023.09.07 00:00:00,344869.58000,366874.33000,344465.43000,354363.27000
2023.09.08 00:00:00,2023.09.08 00:00:00,354414.19000,362757.50000,345572.84000,356018.57000
2023.09.09 00:00:00,2023.09.09 00:00:00,355958.23000,360882.79000,350204.31000,359866.70000
2023.09.10 00:00:00,2023.09.10 00:00:00,359906.64000,361514.54000,328813.56000,332483.70000
2023.09.11 00:00:00,2023.09.11 00:00:00,332476.46000,362111.06000,326409.59000,360104.42000
2023.09.12 00:00:00,2023.09.12 00:00:00,360068.00000,375364.71000,352153.64000,359018.75000
2023.09.13 00:00:00,2023.09.13 00:00:00,358997.40000,366660.90000,332877.60000,338742.25000
2023.09.14 00:00:00,2023.09.14 00:00:00,338776.15000,365516.83000,336706.21000,358285.68000
2023.09.15 00:00:00,2023.09.15 00:00:00,358237.80000,380091.33000,353730.71000,375435.22000
2023.09.16 00:00:00,2023.09.16 00:00:00,375291.53000,414636.06000,373392.28000,402504.55000
2023.09.17 00:00:00,2023.09.17 00:00:00,402466.72000,422413.37000,401617.10000,420107.33000
2023.09.18 00:00:00,2023.09.18 00:00:00,420070.08000,423353.27000,395903.14000,406444.73000
2023.09.19 00:00:00,2023.09.19 00:00:00,406526.58000,416240.73000,393901.47000,409561.61000
2023.09.20 00:00:00,2023.09.20 00:00:00,409500.73000,412802.80000,373792.70000,375910.74000
2023.09.21 00:00:00,2023.09.21 00:00:00,375953.33000,379062.79000,356509.76000,358344.61000
2023.09.22 00:00:00,2023.09.22 00:00:00,358401.13000,359140.20000,332607.09000,337812.85000
2023.09.23 00:00:00,2023.09.23 00:00:00,337897.33000,341674.10000,328121.64000,331276.01000
2023.09.24 00:00:00,2023.09.24 00:00:00,331139.98000,349563.18000,322785.60000,330450.99000
2023.09.25 00:00:00,2023.09.25 00:00:00,330521.95000,362892.19000,326555.88000,352102.62000
2023.09.26 00:00:00,2023.09.26 00:00:00,352159.81000,379362.92000,350144.93000,377873.13000
2023.09.27 00:00:00,2023.09.27 00:00:00,377982.55000,383050.11000,362831.89000,367560.53000
2023.09.28 00:00:00,2023.09.28 00:00:00,367546.15000,380979.90000,361494.52000,371307.45000
2023.09.29 00:00:00,2023.09.29 00:00:00,371214.30000,379188.80000,364057.86000,378184.70000
2023.09.30 00:00:00,2023.09.30 00:00:00,378175.43000,382967.68000,357928.39000,360099.48000
2023.10.01 00:00:00,2023.10.01 00:00:00,360139.38000,362258.22000,338738.56000,341187.66000
2023.10.02 00:00:00,2023.10.02 00:00:00,341080.99000,347623.01000,329508.09000,341232.45000
2023.10.03 00:00:00,2023.10.03 00:00:00,341229.77000,355502.23000,339593.20000,354422.06000
2023.10.04 00:00:00,2023.10.04 00:00:00,354390.16000,354390.16000,318811.16000,322123.20000
2023.10.05 00:00:00,2023.10.05 00:00:00,322131.52000,334187.11000,314635.07000,330648.83000
2023.10.06 00:00:00,2023.10.06 00:00:00,330595.65000,352188.57000,330365.76000,344881.36000
2023.10.07 00:00:00,2023.10.07 00:00:00,344866.62000,367690.62000,339628.65000,366037.20000
2023.10.08 00:00:00,2023.10.08 00:00:00,366143.85000,389022.75000,364699.80000,387964.03000
2023.10.09 00:00:00,2023.10.09 00:00:00,387941.01000,404742.92000,381863.40000,401609.48000
2023.10.10 00:00:00,2023.10.10 00:00:00,401580.64000,421278.03000,395906.76000,417743.46000
2023.10.11 00:00:00,2023.10.11 00:00:00,417878.98000,421775.12000,398034.51000,408867.25000
2023.10.12 00:00:00,2023.10.12 00:00:00,408902.86000,435664.05000,407325.35000,425283.59000
2023.10.13 00:00:00,2023.10.13 00:00:00,425193.32000,435331.34000,410111.35000,410976.06000
2023.10.14 00:00:00,2023.10.14 00:00:00,410976.29000,417516.32000,384812.25000,389218.64000
2023.10.15 00:00:00,2023.10.15 00:00:00,389273.66000,390430.89000,354341.69000,375732.24000
2023.10.16 00:00:00,2023.10.16 00:00:00,375732.83000,391836.10000,373101.64000,382822.36000
2023.10.17 00:00:00,2023.10.17 00:00:00,382827.03000,399894.98000,382044.76000,399370.04000
2023.10.18 00:00:00,2023.10.18 00:00:00,399279.93000,414116.47000,396886.44000,403095.85000
2023.10.19 00:00:00,2023.10.19 00:00:00,403041.78000,419422.65000,391774.52000,418241.55000
2023.10.20 00:00:00,2023.10.20 00:00:00,418251.77000,433712.26000,406368.39000,432172.91000
2023.10.21 00:00:00,2023.10.21 00:00:00,432252.65000,448903.56000,429176.77000,442751.85000
2023.10.22 00:00:00,2023.10.22 00:00:00,442797.40000,447626.50000,413786.98000,415738.52000
2023.10.23 00:00:00,2023.10.23 00:00:00,415822.57000,435093.50000,412722.62000,431146.33000
2023.10.24 00:00:00,2023.10.24 00:00:00,431169.57000,442886.82000,427631.06000,437491.28000
2023.10.25 00:00:00,2023.10.25 00:00:00,437372.00000,437905.06000,415847.27000,436039.31000
2023.10.26 00:00:00,2023.10.26 00:00:00,435869.25000,453941.47000,434530.97000,438235.42000
2023.10.27 00:00:00,2023.10.27 00:00:00,438252.49000,463806.33000,430178.78000,459533.50000
2023.10.28 00:00:00,2023.10.28 00:00:00,459475.71000,494361.82000,445948.54000,483129.21000
2023.10.29 00:00:00,2023.10.29 00:00:00,483211.82000,486451.65000,463774.11000,484601.79000
2023.10.30 00:00:00,2023.10.30 00:00:00,484716.67000,499594.09000,461189.82000,498204.94000
2023.10.31 00:00:00,2023.10.31 00:00:00,498189.43000,543438.96000,497513.63000,532080.68000
2023.11.01 00:00:00,2023.11.01 00:00:00,531875.00000,550428.38000,515885.27000,528077.79000
2023.11.02 00:00:00,2023.11.02 00:00:00,528038.95000,538872.60000,513209.23000,534250.66000
2023.11.03 00:00:00,2023.11.03 00:00:00,534354.22000,536410.67000,511542.00000,512605.39000
2023.11.04 00:00:00,2023.11.04 00:00:00,512530.25000,525462.71000,499957.20000,507977.40000
2023.11.05 00:00:00,2023.11.05 00:00:00,507970.82000,522489.92000,496762.28000,517869.48000
2023.11.06 00:00:00,2023.11.06 00:00:00,517858.29000,527703.77000,496665.51000,506300.76000
2023.11.07 00:00:00,2023.11.07 00:00:00,506275.02000,528521.58000,502602.46000,522459.25000
2023.11.08 00:00:00,2023.11.08 00:00:00,522705.59000,548116.89000,518685.18000,524273.82000
2023.11.09 00:00:00,2023.11.09 00:00:00,524348.55000,558914.37000,520187.25000,551411.15000
2023.11.10 00:00:00,2023.11.10 00:00:00,551248.09000,556942.88000,536460.91000,544572.37000
2023.11.11 00:00:00,2023.11.11 00:00:00,544677.81000,552213.05000,503778.95000,507127.86000
2023.11.12 00:00:00,2023.11.12 00:00:00,507120.43000,516879.37000,489394.93000,493851.83000
2023.11.13 00:00:00,2023.11.13 00:00:00,494018.56000,511840.42000,485309.58000,490281.09000
2023.11.14 00:00:00,2023.11.14 00:00:00,490214.48000,503534.42000,479714.02000,493650.63000
2023.11.15 00:00:00,2023.11.15 00:00:00,493719.81000,518913.44000,478877.50000,511524.68000
2023.11.16 00:00:00,2023.11.16 00:00:00,511512.54000,529959.55000,507431.92000,508833.95000
2023.11.17 00:00:00,2023.11.17 00:00:00,508950.53000,513834.40000,487591.46000,507255.08000
2023.11.18 00:00:00,2023.11.18 00:00:00,507358.67000,507358.67000,475148.60000,496814.17000
2023.11.19 00:00:00,2023.11.19 00:00:00,496729.72000,511993.71000,464430.43000,464562.16000
2023.11.20 00:00:00,2023.11.20 00:00:00,464492.27000,468833.70000,438888.12000,463008.99000
2023.11.21 00:00:00,2023.11.21 00:00:00,462933.01000,475968.08000,445937.65000,450697.57000
2023.11.22 00:00:00,2023.11.22 00:00:00,450817.59000,473735.27000,444398.88000,471501.88000
2023.11.23 00:00:00,2023.11.23 00:00:00,471528.64000,491636.97000,467278.97000,485159.70000
2023.11.24 00:00:00,2023.11.24 00:00:00,485159.66000,489918.61000,468115.38000,480476.11000
2023.11.25 00:00:00,2023.11.25 00:00:00,480486.71000,483642.36000,457199.74000,459877.74000
2023.11.26 00:00:00,2023.11.26 00:00:00,459911.56000,465639.44000,439345.50000,455144.99000
2023.11.27 00:00:00,2023.11.27 00:00:00,455272.17000,467911.95000,444647.46000,452094.05000
2023.11.28 00:00:00,2023.11.28 00:00:00,451990.37000,484071.05000,443575.16000,480594.82000
2023.11.29 00:00:00,2023.11.29 00:00:00,480833.89000,488717.47000,467825.46000,477098.38000
2023.11.30 00:00:00,2023.11.30 00:00:00,477048.21000,504737.11000,468636.96000,501041.08000
2023.12.01 00:00:00,2023.12.01 00:00:00,501096.08000,501761.69000,488793.93000,499328.05000
2023.12.02 00:00:00,2023.12.02 00:00:00,499181.83000,512069.94000,479822.39000,484246.40000
2023.12.03 00:00:00,2023.12.03 00:00:00,484185.42000,488321.95000,446213.20000,451373.50000
2023.12.04 00:00:00,2023.12.04 00:00:00,451397.97000,452841.93000,426731.58000,438108.38000
2023.12.05 00:00:00,2023.12.05 00:00:00,438015.07000,438399.41000,397566.99000,402808.33000
2023.12.06 00:00:00,2023.12.06 00:00:00,402743.26000,409639.15000,389384.40000,406979.96000
2023.12.07 00:00:00,2023.12.07 00:00:00,406990.91000,413208.85000,398781.35000,409939.36000
2023.12.08 00:00:00,2023.12.08 00:00:00,410013.07000,414714.45000,389019.07000,395117.98000
2023.12.09 00:00:00,2023.12.09 00:00:00,395040.73000,403566.44000,373144.95000,377532.02000
2023.12.10 00:00:00,2023.12.10 00:00:00,377446.51000,379600.11000,360373.43000,360588.32000
2023.12.11 00:00:00,2023.12.11 00:00:00,360646.16000,376892.78000,347634.25000,349062.74000
2023.12.12 00:00:00,2023.12.12 00:00:00,349026.94000,375619.53000,346743.01000,374887.65000
2023.12.13 00:00:00,2023.12.13 00:00:00,374871.38000,392261.66000,374605.24000,386248.41000
2023.12.14 00:00:00,2023.12.14 00:00:00,386185.46000,390462.75000,367738.17000,368585.88000
2023.12.15 00:00:00,2023.12.15 00:00:00,368649.52000,373260.56000,357266.31000,367498.66000
2023.12.16 00:00:00,2023.12.16 00:00:00,367519.52000,382144.95000,362448.61000,366491.88000
2023.12.17 00:00:00,2023.12.17 00:00:00,366534.45000,372140.53000,359756.52000,366566.15000
2023.12.18 00:00:00,2023.12.18 00:00:00,366564.99000,378355.47000,360082.86000,362893.08000
2023.12.19 00:00:00,2023.12.19 00:00:00,362974.41000,367753.20000,351495.77000,358862.28000
2023.12.20 00:00:00,2023.12.20 00:00:00,358837.34000,362772.68000,346292.86000,355043.13000
2023.12.21 00:00:00,2023.12.21 00:00:00,355063.56000,360376.23000,345267.90000,350751.84000
2023.12.22 00:00:00,2023.12.22 00:00:00,350802.12000,357701.56000,342259.83000,352216.97000
2023.12.23 00:00:00,2023.12.23 00:00:00,352169.64000,375152.33000,346872.07000,374940.47000
2023.12.24 00:00:00,2023.12.24 00:00:00,375022.53000,376089.97000,338209.52000,343629.86000
2023.12.25 00:00:00,2023.12.25 00:00:00,343618.07000,354287.58000,329881.37000,334943.24000
2023.12.26 00:00:00,2023.12.26 00:00:00,334903.76000,357912.90000,331897.87000,339483.11000
2023.12.27 00:00:00,2023.12.27 00:00:00,339504.85000,345909.77000,320492.79000,331308.86000
2023.12.28 00:00:00,2023.12.28 00:00:00,331275.51000,342692.41000,326619.15000,338747.74000
2023.12.29 00:00:00,2023.12.29 00:00:00,338856.70000,341293.15000,323273.68000,323651.74000
2023.12.30 00:00:00,2023.12.30 00:00:00,323651.49000,343303.47000,319963.72000,336771.58000
2023.12.31 00:00:00,2023.12.31 00:00:00,336873.94000,350503.35000,328120.98000,350298.98000
2024.01.01 00:00:00,2024.01.01 00:00:00,350290.29000,357062.60000,341360.34000,345850.71000
2024.01.02 00:00:00,2024.01.02 00:00:00,345912.94000,350566.07000,331827.74000,337812.03000
2024.01.03 00:00:00,2024.01.03 00:00:00,337723.65000,344575.98000,305605.56000,306199.42000
2024.01.04 00:00:00,2024.01.04 00:00:00,306182.84000,307830.74000,288123.71000,290325.08000
2024.01.05 00:00:00,2024.01.05 00:00:00,290366.09000,291225.22000,276358.06000,276931.17000
2024.01.06 00:00:00,2024.01.06 00:00:00,276935.26000,283886.43000,264872.54000,269369.51000
2024.01.07 00:00:00,2024.01.07 00:00:00,269389.22000,269442.11000,258353.31000,262914.15000
2024.01.08 00:00:00,2024.01.08 00:00:00,262888.99000,266829.39000,253519.99000,258803.29000
2024.01.09 00:00:00,2024.01.09 00:00:00,258827.87000,265040.63000,249387.08000,249744.58000
2024.01.10 00:00:00,2024.01.10 00:00:00,249784.26000,250820.54000,237645.88000,241689.57000
2024.01.11 00:00:00,2024.01.11 00:00:00,241632.50000,249032.54000,237052.89000,249003.47000
2024.01.12 00:00:00,2024.01.12 00:00:00,249046.52000,258465.17000,240112.13000,244565.90000
2024.01.13 00:00:00,2024.01.13 00:00:00,244637.74000,249730.73000,234821.79000,235032.85000
2024.01.14 00:00:00,2024.01.14 00:00:00,234980.26000,237356.20000,228644.87000,231996.21000
2024.01.15 00:00:00,2024.01.15 00:00:00,232019.61000,234016.61000,224522.58000,229663.54000
2024.01.16 00:00:00,2024.01.16 00:00:00,229694.77000,230835.73000,217939.74000,218908.37000
2024.01.17 00:00:00,2024.01.17 00:00:00,218913.07000,231341.41000,217381.31000,231168.83000
2024.01.18 00:00:00,2024.01.18 00:00:00,231153.35000,250370.71000,230170.60000,250341.87000
2024.01.19 00:00:00,2024.01.19 00:00:00,250349.60000,262225.28000,240784.86000,260662.76000
2024.01.20 00:00:00,2024.01.20 00:00:00,260632.59000,261037.28000,249614.98000,251799.80000
2024.01.21 00:00:00,2024.01.21 00:00:00,251891.16000,260336.71000,239754.38000,239993.87000
2024.01.22 00:00:00,2024.01.22 00:00:00,239984.83000,241650.09000,229909.71000,237188.59000
2024.01.23 00:00:00,2024.01.23 00:00:00,237221.66000,246575.20000,232713.34000,245981.61000
2024.01.24 00:00:00,2024.01.24 00:00:00,246059.49000,264759.92000,244115.11000,245807.79000
2024.01.25 00:00:00,2024.01.25 00:00:00,245825.46000,251476.41000,237779.73000,239695.16000
2024.01.26 00:00:00,2024.01.26 00:00:00,239597.53000,243871.77000,229695.66000,235729.03000
2024.01.27 00:00:00,2024.01.27 00:00:00,235699.41000,235996.25000,223521.58000,228982.64000
2024.01.28 00:00:00,2024.01.28 00:00:00,228957.44000,255554.43000,228137.41000,255046.61000
2024.01.29 00:00:00,2024.01.29 00:00:00,255095.74000,258229.62000,235863.13000,237500.71000
2024.01.30 00:00:00,2024.01.30 00:00:00,237440.95000,239759.47000,225705.24000,231266.03000
2024.01.31 00:00:00,2024.01.31 00:00:00,231306.25000,231508.04000,216923.48000,226789.00000
2024.02.01 00:00:00,2024.02.01 00:00:00,226765.96000,231058.41000,218616.88000,220753.28000
2024.02.02 00:00:00,2024.02.02 00:00:00,220760.83000,221894.48000,208055.68000,219313.02000
2024.02.03 00:00:00,2024.02.03 00:00:00,219346.08000,231187.72000,217883.14000,218406.64000
2024.02.04 00:00:00,2024.02.04 00:00:00,218513.08000,220967.77000,211442.90000,211624.72000
2024.02.05 00:00:00,2024.02.05 00:00:00,211630.36000,227393.63000,205071.42000,226125.06000
2024.02.06 00:00:00,2024.02.06 00:00:00,226148.07000,233809.88000,223888.12000,227473.82000
2024.02.07 00:00:00,2024.02.07 00:00:00,227523.69000,233653.45000,221783.37000,231249.07000
2024.02.08 00:00:00,2024.02.08 00:00:00,231246.91000,256576.62000,228728.80000,255687.00000
2024.02.09 00:00:00,2024.02.09 00:00:00,255706.70000,256923.57000,242759.34000,248250.88000
2024.02.10 00:00:00,2024.02.10 00:00:00,248243.01000,254223.80000,243955.88000,246401.86000
2024.02.11 00:00:00,2024.02.11 00:00:00,246467.93000,256209.90000,239750.28000,246609.36000
2024.02.12 00:00:00,2024.02.12 00:00:00,246680.36000,251659.84000,238040.21000,250221.44000
2024.02.13 00:00:00,2024.02.13 00:00:00,250186.05000,253704.91000,244704.93000,247832.49000
2024.02.14 00:00:00,2024.02.14 00:00:00,247854.57000,250985.24000,239420.37000,245755.80000
2024.02.15 00:00:00,2024.02.15 00:00:00,245807.15000,248148.47000,231294.87000,234565.57000
2024.02.16 00:00:00,2024.02.16 00:00:00,234643.41000,248865.61000,233300.78000,248757.09000
2024.02.17 00:00:00,2024.02.17 00:00:00,248829.50000,258628.00000,246713.38000,250656.00000
2024.02.18 00:00:00,2024.02.18 00:00:00,250634.70000,259269.40000,242500.15000,244543.77000
2024.02.19 00:00:00,2024.02.19 00:00:00,244528.36000,246435.74000,224242.52000,229129.39000
2024.02.20 00:00:00,2024.02.20 00:00:00,229089.44000,241241.70000,223733.40000,225920.64000
2024.02.21 00:00:00,2024.02.21 00:00:00,225904.95000,229927.25000,215980.84000,217292.31000
2024.02.22 00:00:00,2024.02.22 00:00:00,217266.25000,221182.20000,212903.94000,218926.97000
2024.02.23 00:00:00,2024.02.23 00:00:00,218975.74000,244176.57000,217955.59000,237969.08000
2024.02.24 00:00:00,2024.02.24 00:00:00,238013.68000,247635.96000,234933.07000,241165.08000
2024.02.25 00:00:00,2024.02.25 00:00:00,241178.63000,241899.47000,227318.84000,228190.55000
2024.02.26 00:00:00,2024.02.26 00:00:00,228199.75000,237728.27000,225051.81000,233815.33000
2024.02.27 00:00:00,2024.02.27 00:00:00,233838.32000,247445.58000,231216.84000,240486.36000
2024.02.28 00:00:00,2024.02.28 00:00:00,240328.18000,241504.29000,228633.51000,233907.41000
2024.02.29 00:00:00,2024.02.29 00:00:00,233903.96000,234773.05000,222639.17000,230870.38000
2024.03.01 00:00:00,2024.03.01 00:00:00,230807.36000,235397.76000,225546.80000,231137.32000
2024.03.02 00:00:00,2024.03.02 00:00:00,231170.68000,232556.69000,219126.22000,226621.16000
2024.03.03 00:00:00,2024.03.03 00:00:00,226628.73000,228855.28000,209213.27000,211900.09000
2024.03.04 00:00:00,2024.03.04 00:00:00,211897.22000,213063.71000,197204.89000,198182.09000
2024.03.05 00:00:00,2024.03.05 00:00:00,198232.43000,206082.48000,195336.95000,198831.54000
2024.03.06 00:00:00,2024.03.06 00:00:00,198791.84000,207604.17000,198513.84000,206946.56000
2024.03.07 00:00:00,2024.03.07 00:00:00,206956.55000,216764.01000,204227.38000,205800.54000
2024.03.08 00:00:00,2024.03.08 00:00:00,205741.38000,227357.58000,205213.49000,223033.94000
2024.03.09 00:00:00,2024.03.09 00:00:00,223055.56000,233041.12000,222636.91000,229771.41000
2024.03.10 00:00:00,2024.03.10 00:00:00,229783.58000,243323.06000,227726.64000,233503.22000
2024.03.11 00:00:00,2024.03.11 00:00:00,233505.84000,236817.80000,220981.42000,224561.50000
2024.03.12 00:00:00,2024.03.12 00:00:00,224543.78000,235694.06000,219282.90000,233878.39000
2024.03.13 00:00:00,2024.03.13 00:00:00,233906.21000,234721.79000,219778.91000,226265.33000
2024.03.14 00:00:00,2024.03.14 00:00:00,226195.78000,227772.17000,208662.21000,216377.33000
2024.03.15 00:00:00,2024.03.15 00:00:00,216410.29000,217183.90000,202451.29000,206414.55000
2024.03.16 00:00:00,2024.03.16 00:00:00,206380.14000,241682.03000,206114.33000,241335.92000
2024.03.17 00:00:00,2024.03.17 00:00:00,241339.75000,246119.63000,231052.55000,235663.64000
2024.03.18 00:00:00,2024.03.18 00:00:00,235641.24000,236084.85000,220363.49000,230504.30000
2024.03.19 00:00:00,2024.03.19 00:00:00,230501.83000,232466.87000,219577.34000,221962.30000
2024.03.20 00:00:00,2024.03.20 00:00:00,222002.83000,228912.61000,216459.72000,220521.35000
2024.03.21 00:00:00,2024.03.21 00:00:00,220481.36000,222947.00000,203123.27000,211383.75000
2024.03.22 00:00:00,2024.03.22 00:00:00,211429.81000,215436.53000,204367.05000,211088.04000
2024.03.23 00:00:00,2024.03.23 00:00:00,211024.75000,212208.03000,196731.35000,199079.90000
2024.03.24 00:00:00,2024.03.24 00:00:00,199025.87000,202859.02000,192923.33000,195327.99000
2024.03.25 00:00:00,2024.03.25 00:00:00,195229.31000,199787.51000,192063.71000,196263.46000
2024.03.26 00:00:00,2024.03.26 00:00:00,196234.69000,206411.84000,195488.87000,205686.90000
2024.03.27 00:00:00,2024.03.27 00:00:00,205701.08000,210326.59000,198255.37000,202477.42000
2024.03.28 00:00:00,2024.03.28 00:00:00,202469.55000,208383.85000,197938.59000,201362.69000
2024.03.29 00:00:00,2024.03.29 00:00:00,201366.76000,204305.14000,189580.10000,203649.12000
2024.03.30 00:00:00,2024.03.30 00:00:00,203687.23000,208813.74000,199194.25000,202135.84000
2024.03.31 00:00:00,2024.03.31 00:00:00,202113.23000,214447.44000,201097.82000,206974.92000
2024.04.01 00:00:00,2024.04.01 00:00:00,206954.26000,226194.39000,204378.36000,224678.69000
2024.04.02 00:00:00,2024.04.02 00:00:00,224655.01000,235368.41000,217842.54000,234868.43000
2024.04.03 00:00:00,2024.04.03 00:00:00,234859.56000,239643.70000,226035.11000,239327.62000
2024.04.04 00:00:00,2024.04.04 00:00:00,239288.85000,241640.41000,219347.78000,221452.37000
2024.04.05 00:00:00,2024.04.05 00:00:00,221386.22000,222367.06000,213709.61000,218306.72000
2024.04.06 00:00:00,2024.04.06 00:00:00,218328.41000,227931.47000,217406.23000,223343.94000
2024.04.07 00:00:00,2024.04.07 00:00:00,223331.38000,227275.36000,219960.50000,221628.92000
2024.04.08 00:00:00,2024.04.08 00:00:00,221670.45000,234678.94000,216616.37000,232279.07000
2024.04.09 00:00:00,2024.04.09 00:00:00,232241.45000,248151.70000,228953.62000,238164.69000
2024.04.10 00:00:00,2024.04.10 00:00:00,238199.67000,257540.74000,238126.93000,251403.42000
2024.04.11 00:00:00,2024.04.11 00:00:00,251405.80000,252791.16000,237511.15000,240707.01000
2024.04.12 00:00:00,2024.04.12 00:00:00,240731.88000,241540.54000,224655.94000,225593.53000
2024.04.13 00:00:00,2024.04.13 00:00:00,225611.80000,227382.74000,215470.05000,220586.82000
2024.04.14 00:00:00,2024.04.14 00:00:00,220629.08000,225084.05000,210750.29000,212872.17000
2024.04.15 00:00:00,2024.04.15 00:00:00,212820.29000,220874.13000,208941.77000,211414.78000
2024.04.16 00:00:00,2024.04.16 00:00:00,211406.03000,220816.72000,206784.86000,217691.33000
2024.04.17 00:00:00,2024.04.17 00:00:00,217712.42000,230444.06000,216727.63000,230149.48000
2024.04.18 00:00:00,2024.04.18 00:00:00,230187.55000,233044.59000,209842.83000,217014.49000
2024.04.19 00:00:00,2024.04.19 00:00:00,217028.17000,226078.07000,216858.55000,218018.53000
2024.04.20 00:00:00,2024.04.20 00:00:00,218050.77000,219366.18000,210494.70000,218329.64000
2024.04.21 00:00:00,2024.04.21 00:00:00,218406.03000,219834.87000,208640.87000,210126.66000
2024.04.22 00:00:00,2024.04.22 00:00:00,210094.70000,220909.40000,209067.60000,211358.21000
2024.04.23 00:00:00,2024.04.23 00:00:00,211365.75000,234304.12000,210663.22000,232020.59000
2024.04.24 00:00:00,2024.04.24 00:00:00,232017.29000,234396.41000,224179.42000,232203.88000
2024.04.25 00:00:00,2024.04.25 00:00:00,232274.74000,242475.98000,227259.18000,240565.27000
2024.04.26 00:00:00,2024.04.26 00:00:00,240519.30000,241025.50000,223626.37000,226708.83000
2024.04.27 00:00:00,2024.04.27 00:00:00,226706.68000,228417.28000,207763.47000,209296.68000
2024.04.28 00:00:00,2024.04.28 00:00:00,209268.54000,211295.55000,195554.52000,196709.12000
2024.04.29 00:00:00,2024.04.29 00:00:00,196640.42000,216430.91000,193813.74000,216020.06000
2024.04.30 00:00:00,2024.04.30 00:00:00,216034.90000,218018.17000,210421.39000,213086.18000
2024.05.01 00:00:00,2024.05.01 00:00:00,213106.78000,215460.45000,204541.44000,206443.78000
2024.05.02 00:00:00,2024.05.02 00:00:00,206459.58000,207619.45000,189214.83000,191755.66000
2024.05.03 00:00:00,2024.05.03 00:00:00,191733.82000,192424.42000,178563.56000,184656.79000
2024.05.04 00:00:00,2024.05.04 00:00:00,184618.30000,194939.48000,180860.10000,193070.24000
2024.05.05 00:00:00,2024.05.05 00:00:00,193020.59000,199655.78000,189156.63000,195281.10000
2024.05.06 00:00:00,2024.05.06 00:00:00,195292.08000,201945.79000,189464.91000,196435.39000
2024.05.07 00:00:00,2024.05.07 00:00:00,196453.13000,202260.39000,190960.32000,191012.89000
2024.05.08 00:00:00,2024.05.08 00:00:00,191050.07000,200890.64000,190347.23000,195908.63000
2024.05.09 00:00:00,2024.05.09 00:00:00,195880.20000,204215.45000,188810.86000,190512.82000
2024.05.10 00:00:00,2024.05.10 00:00:00,190539.98000,190898.17000,179000.70000,180347.84000
2024.05.11 00:00:00,2024.05.11 00:00:00,180344.88000,180618.08000,160157.60000,162645.37000
2024.05.12 00:00:00,2024.05.12 00:00:00,162689.90000,168413.66000,161253.55000,166404.22000
2024.05.13 00:00:00,2024.05.13 00:00:00,166480.00000,182027.43000,163985.84000,179786.22000
2024.05.14 00:00:00,2024.05.14 00:00:00,179867.36000,180209.25000,168015.78000,172136.98000
2024.05.15 00:00:00,2024.05.15 00:00:00,172168.62000,179977.22000,170983.11000,178869.16000
2024.05.16 00:00:00,2024.05.16 00:00:00,178937.06000,188959.75000,176977.68000,181561.94000
2024.05.17 00:00:00,2024.05.17 00:00:00,181553.69000,181790.50000,171347.06000,175086.07000
2024.05.18 00:00:00,2024.05.18 00:00:00,175097.13000,175188.70000,160607.10000,164178.09000
2024.05.19 00:00:00,2024.05.19 00:00:00,164240.58000,173706.14000,164026.89000,171687.73000
2024.05.20 00:00:00,2024.05.20 00:00:00,171694.28000,172699.55000,162898.41000,166928.48000
2024.05.21 00:00:00,2024.05.21 00:00:00,166927.51000,171407.44000,160119.45000,162050.39000
2024.05.22 00:00:00,2024.05.22 00:00:00,162047.75000,166308.72000,160370.95000,165564.38000
2024.05.23 00:00:00,2024.05.23 00:00:00,165592.60000,166761.95000,155126.42000,156609.39000
2024.05.24 00:00:00,2024.05.24 00:00:00,156657.46000,172283.04000,156182.83000,172164.94000
2024.05.25 00:00:00,2024.05.25 00:00:00,172181.26000,176407.07000,167867.96000,175905.48000
2024.05.26 00:00:00,2024.05.26 00:00:00,175909.13000,189513.22000,173422.59000,188028.19000
2024.05.27 00:00:00,2024.05.27 00:00:00,188015.56000,191891.49000,180535.69000,188294.02000
2024.05.28 00:00:00,2024.05.28 00:00:00,188310.25000,192821.26000,182116.02000,182209.78000
2024.05.29 00:00:00,2024.05.29 00:00:00,182216.21000,188393.72000,172053.04000,174378.86000
2024.05.30 00:00:00,2024.05.30 00:00:00,174346.62000,188533.29000,173598.97000,185223.24000
2024.05.31 00:00:00,2024.05.31 00:00:00,185256.45000,193449.35000,184758.65000,188383.95000
2024.06.01 00:00:00,2024.06.01 00:00:00,188371.16000,190019.83000,177469.74000,179453.81000
2024.06.02 00:00:00,2024.06.02 00:00:00,179457.89000,183880.26000,173372.29000,174698.81000
2024.06.03 00:00:00,2024.06.03 00:00:00,174665.85000,183119.70000,171881.56000,174910.69000
2024.06.04 00:00:00,2024.06.04 00:00:00,174912.69000,182598.68000,170049.99000,178776.15000
2024.06.05 00:00:00,2024.06.05 00:00:00,178837.83000,182856.07000,175608.48000,177926.93000
2024.06.06 00:00:00,2024.06.06 00:00:00,177926.05000,180501.68000,172341.55000,174950.78000
2024.06.07 00:00:00,2024.06.07 00:00:00,174939.54000,175580.96000,168183.88000,174564.36000
2024.06.08 00:00:00,2024.06.08 00:00:00,174558.14000,179796.97000,168505.96000,174247.07000
2024.06.09 00:00:00,2024.06.09 00:00:00,174257.96000,176168.98000,169724.09000,173297.61000
2024.06.10 00:00:00,2024.06.10 00:00:00,173374.25000,176956.17000,164672.22000,165248.57000
2024.06.11 00:00:00,2024.06.11 00:00:00,165308.57000,168804.90000,160009.10000,168754.52000
2024.06.12 00:00:00,2024.06.12 00:00:00,168745.80000,171338.61000,157172.70000,160821.44000
2024.06.13 00:00:00,2024.06.13 00:00:00,160791.53000,161329.21000,150831.45000,151607.72000
2024.06.14 00:00:00,2024.06.14 00:00:00,151598.24000,153518.73000,144835.40000,147842.14000
2024.06.15 00:00:00,2024.06.15 00:00:00,147852.58000,153797.62000,146073.20000,150443.53000
2024.06.16 00:00:00,2024.06.16 00:00:00,150473.47000,154518.89000,146673.98000,151480.42000
2024.06.17 00:00:00,2024.06.17 00:00:00,151508.74000,156148.65000,149491.68000,150004.38000
2024.06.18 00:00:00,2024.06.18 00:00:00,150008.37000,156037.53000,149042.26000,149597.83000
2024.06.19 00:00:00,2024.06.19 00:00:00,149579.68000,156122.92000,149159.72000,150503.01000
2024.06.20 00:00:00,2024.06.20 00:00:00,150460.68000,154536.18000,143669.11000,149014.04000
2024.06.21 00:00:00,2024.06.21 00:00:00,149034.60000,149252.36000,139985.43000,142442.89000
2024.06.22 00:00:00,2024.06.22 00:00:00,142444.67000,148902.16000,140270.64000,147448.67000
2024.06.23 00:00:00,2024.06.23 00:00:00,147451.11000,158249.14000,146690.79000,155601.52000
2024.06.24 00:00:00,2024.06.24 00:00:00,155568.38000,157012.31000,147878.24000,151350.32000
2024.06.25 00:00:00,2024.06.25 00:00:00,151386.78000,155619.49000,149805.93000,151256.62000
2024.06.26 00:00:00,2024.06.26 00:00:00,151286.68000,154134.82000,148711.47000,149416.99000
2024.06.27 00:00:00,2024.06.27 00:00:00,149444.03000,161406.44000,147690.96000,159893.86000
2024.06.28 00:00:00,2024.06.28 00:00:00,159887.75000,161222.92000,156392.02000,160194.77000
2024.06.29 00:00:00,2024.06.29 00:00:00,160184.00000,162460.53000,149704.69000,150808.34000
2024.06.30 00:00:00,2024.06.30 00:00:00,150803.65000,159649.49000,148515.39000,151994.81000
2024.07.01 00:00:00,2024.07.01 00:00:00,151993.64000,160338.76000,151647.43000,157866.25000
2024.07.02 00:00:00,2024.07.02 00:00:00,157813.10000,164380.39000,157592.07000,161573.09000
2024.07.03 00:00:00,2024.07.03 00:00:00,161582.63000,170048.68000,160011.25000,164833.52000
2024.07.04 00:00:00,2024.07.04 00:00:00,164830.97000,165926.95000,148035.13000,148035.13000
2024.07.05 00:00:00,2024.07.05 00:00:00,148058.58000,162039.69000,145546.45000,161416.05000
2024.07.06 00:00:00,2024.07.06 00:00:00,161486.85000,163247.89000,156609.99000,161032.18000
2024.07.07 00:00:00,2024.07.07 00:00:00,161023.39000,162529.26000,155930.04000,157952.81000
2024.07.08 00:00:00,2024.07.08 00:00:00,157977.37000,162103.50000,155646.02000,160142.84000
2024.07.09 00:00:00,2024.07.09 00:00:00,160126.10000,166262.55000,156637.95000,157819.35000
2024.07.10 00:00:00,2024.07.10 00:00:00,157862.94000,161055.26000,154831.17000,156249.81000
2024.07.11 00:00:00,2024.07.11 00:00:00,156246.35000,157241.46000,144903.72000,145754.16000
2024.07.12 00:00:00,2024.07.12 00:00:00,145750.42000,149480.12000,140305.73000,140606.20000
2024.07.13 00:00:00,2024.07.13 00:00:00,140638.09000,146900.03000,138185.22000,138750.54000
2024.07.14 00:00:00,2024.07.14 00:00:00,138765.94000,139551.21000,134336.54000,136763.11000
2024.07.15 00:00:00,2024.07.15 00:00:00,136788.02000,139417.40000,131848.21000,134981.38000
2024.07.16 00:00:00,2024.07.16 00:00:00,134939.08000,136974.36000,128304.22000,131768.71000
2024.07.17 00:00:00,2024.07.17 00:00:00,131784.06000,137065.22000,128067.44000,135510.72000
2024.07.18 00:00:00,2024.07.18 00:00:00,135525.46000,137258.63000,129697.85000,130568.18000
2024.07.19 00:00:00,2024.07.19 00:00:00,130550.29000,132249.32000,119040.99000,120359.41000
2024.07.20 00:00:00,2024.07.20 00:00:00,120392.66000,123988.27000,116386.25000,121046.31000
2024.07.21 00:00:00,2024.07.21 00:00:00,121045.85000,123354.14000,116584.91000,122536.30000
2024.07.22 00:00:00,2024.07.22 00:00:00,122489.05000,127319.01000,120184.27000,126029.79000
2024.07.23 00:00:00,2024.07.23 00:00:00,126065.90000,127690.01000,118375.15000,118808.81000
2024.07.24 00:00:00,2024.07.24 00:00:00,118823.06000,121599.45000,113805.01000,117296.79000
2024.07.25 00:00:00,2024.07.25 00:00:00,117279.70000,119626.05000,112359.98000,113293.61000
2024.07.26 00:00:00,2024.07.26 00:00:00,113286.56000,116142.30000,111760.70000,115171.23000
2024.07.27 00:00:00,2024.07.27 00:00:00,115189.32000,119562.51000,112742.95000,117373.96000
2024.07.28 00:00:00,2024.07.28 00:00:00,117345.58000,120691.45000,112890.91000,116299.41000
2024.07.29 00:00:00,2024.07.29 00:00:00,116285.14000,118622.70000,113276.84000,118313.47000
2024.07.30 00:00:00,2024.07.30 00:00:00,118308.41000,120024.22000,112602.11000,118119.35000
2024.07.31 00:00:00,2024.07.31 00:00:00,118128.22000,119848.67000,114623.91000,114968.91000
2024.08.01 00:00:00,2024.08.01 00:00:00,114988.25000,119136.44000,113448.49000,115416.43000
2024.08.02 00:00:00,2024.08.02 00:00:00,115390.16000,116990.47000,108955.64000,111712.91000
2024.08.03 00:00:00,2024.08.03 00:00:00,111693.15000,113830.16000,110560.94000,112412.32000
2024.08.04 00:00:00,2024.08.04 00:00:00,112441.20000,114999.26000,108452.08000,114667.76000
2024.08.05 00:00:00,2024.08.05 00:00:00,114665.49000,117317.45000,110913.68000,110994.78000
2024.08.06 00:00:00,2024.08.06 00:00:00,110972.02000,114210.08000,109257.53000,111304.04000
2024.08.07 00:00:00,2024.08.07 00:00:00,111282.28000,111547.96000,103962.44000,106859.02000
2024.08.08 00:00:00,2024.08.08 00:00:00,106884.09000,110662.29000,106440.62000,110174.74000
2024.08.09 00:00:00,2024.08.09 00:00:00,110211.05000,112468.00000,107234.28000,112067.79000
2024.08.10 00:00:00,2024.08.10 00:00:00,112071.06000,114113.81000,105981.93000,107299.92000
2024.08.11 00:00:00,2024.08.11 00:00:00,107299.54000,109409.44000,100938.28000,101654.79000
2024.08.12 00:00:00,2024.08.12 00:00:00,101672.46000,105317.31000,100596.00000,102934.96000
2024.08.13 00:00:00,2024.08.13 00:00:00,102950.40000,107089.87000,102422.89000,104875.24000
2024.08.14 00:00:00,2024.08.14 00:00:00,104891.38000,112468.73000,104547.20000,111016.68000
2024.08.15 00:00:00,2024.08.15 00:00:00,111042.44000,114444.46000,108465.02000,112312.71000
2024.08.16 00:00:00,2024.08.16 00:00:00,112331.84000,113380.13000,109014.27000,112390.51000
2024.08.17 00:00:00,2024.08.17 00:00:00,112403.89000,118300.92000,109644.88000,118039.55000
2024.08.18 00:00:00,2024.08.18 00:00:00,118024.63000,124532.01000,114292.91000,123806.59000
2024.08.19 00:00:00,2024.08.19 00:00:00,123796.89000,139149.84000,123439.34000,137066.21000
2024.08.20 00:00:00,2024.08.20 00:00:00,137054.50000,139191.39000,132451.39000,136843.06000
2024.08.21 00:00:00,2024.08.21 00:00:00,136831.46000,144298.24000,135566.47000,144008.16000
2024.08.22 00:00:00,2024.08.22 00:00:00,144022.94000,144599.99000,137672.50000,140055.48000
2024.08.23 00:00:00,2024.08.23 00:00:00,140040.00000,143264.91000,138315.95000,140746.89000
2024.08.24 00:00:00,2024.08.24 00:00:00,140723.39000,141925.66000,135483.31000,137009.21000
2024.08.25 00:00:00,2024.08.25 00:00:00,137017.99000,138398.70000,131410.82000,136770.10000
2024.08.26 00:00:00,2024.08.26 00:00:00,136829.43000,144863.48000,133707.25000,133722.20000
2024.08.27 00:00:00,2024.08.27 00:00:00,133732.79000,134801.42000,130163.27000,131507.61000
2024.08.28 00:00:00,2024.08.28 00:00:00,131489.44000,132408.39000,124731.99000,128959.36000
2024.08.29 00:00:00,2024.08.29 00:00:00,128945.10000,138882.74000,127459.53000,132920.99000
2024.08.30 00:00:00,2024.08.30 00:00:00,132916.22000,135109.46000,128923.66000,131065.75000
2024.08.31 00:00:00,2024.08.31 00:00:00,131085.48000,132263.65000,124227.27000,125666.87000
2024.09.01 00:00:00,2024.09.01 00:00:00,125715.19000,134464.80000,124874.62000,130101.83000
2024.09.02 00:00:00,2024.09.02 00:00:00,130091.45000,137590.63000,128125.58000,134108.05000
2024.09.03 00:00:00,2024.09.03 00:00:00,134129.35000,137621.07000,129778.46000,133966.52000
2024.09.04 00:00:00,2024.09.04 00:00:00,133932.00000,137332.95000,129305.32000,137325.84000
2024.09.05 00:00:00,2024.09.05 00:00:00,137320.39000,140696.74000,134363.34000,139645.53000
2024.09.06 00:00:00,2024.09.06 00:00:00,139687.20000,142636.31000,136898.57000,137886.24000
2024.09.07 00:00:00,2024.09.07 00:00:00,137873.67000,138740.76000,129857.93000,130174.77000
2024.09.08 00:00:00,2024.09.08 00:00:00,130180.27000,135523.10000,129074.93000,129753.68000
2024.09.09 00:00:00,2024.09.09 00:00:00,129722.67000,138002.80000,127717.48000,134326.99000
2024.09.10 00:00:00,2024.09.10 00:00:00,134351.16000,137558.89000,130729.54000,131962.21000
2024.09.11 00:00:00,2024.09.11 00:00:00,131975.08000,138838.08000,131473.67000,136001.96000
2024.09.12 00:00:00,2024.09.12 00:00:00,135972.55000,140255.49000,126482.60000,128263.62000
2024.09.13 00:00:00,2024.09.13 00:00:00,128278.45000,136488.47000,127494.75000,132649.06000
2024.09.14 00:00:00,2024.09.14 00:00:00,132647.17000,143237.99000,131496.07000,139381.31000
2024.09.15 00:00:00,2024.09.15 00:00:00,139437.12000,141002.40000,134845.32000,135447.20000
2024.09.16 00:00:00,2024.09.16 00:00:00,135414.52000,136769.34000,125982.33000,126694.21000
2024.09.17 00:00:00,2024.09.17 00:00:00,126725.60000,135307.77000,123327.62000,131666.07000
2024.09.18 00:00:00,2024.09.18 00:00:00,131664.38000,136982.03000,130298.27000,132284.06000
2024.09.19 00:00:00,2024.09.19 00:00:00,132262.44000,132314.16000,125640.94000,127303.33000
2024.09.20 00:00:00,2024.09.20 00:00:00,127301.06000,130390.58000,125651.51000,127457.96000
2024.09.21 00:00:00,2024.09.21 00:00:00,127493.30000,132973.01000,125066.68000,132185.33000
2024.09.22 00:00:00,2024.09.22 00:00:00,132231.50000,133068.71000,120506.68000,122387.47000
2024.09.23 00:00:00,2024.09.23 00:00:00,122385.97000,124023.26000,119085.84000,121696.21000
2024.09.24 00:00:00,2024.09.24 00:00:00,121678.47000,123947.98000,119004.59000,120826.81000
2024.09.25 00:00:00,2024.09.25 00:00:00,120822.65000,124856.92000,119079.38000,122277.52000
2024.09.26 00:00:00,2024.09.26 00:00:00,122306.51000,122357.65000,112771.40000,113843.14000
2024.09.27 00:00:00,2024.09.27 00:00:00,113831.20000,117174.99000,112148.11000,115880.37000
2024.09.28 00:00:00,2024.09.28 00:00:00,115916.78000,122835.24000,114184.95000,119497.72000
2024.09.29 00:00:00,2024.09.29 00:00:00,119465.13000,119550.17000,107722.22000,108667.73000
2024.09.30 00:00:00,2024.09.30 00:00:00,108684.26000,110219.97000,104051.66000,104664.50000
2024.10.01 00:00:00,2024.10.01 00:00:00,104668.22000,106102.17000,101216.52000,103099.68000
2024.10.02 00:00:00,2024.10.02 00:00:00,103076.11000,107880.18000,100957.89000,107880.18000
2024.10.03 00:00:00,2024.10.03 00:00:00,107903.61000,109552.24000,105728.96000,108785.95000
2024.10.04 00:00:00,2024.10.04 00:00:00,108819.82000,109970.85000,101795.01000,102815.10000
2024.10.05 00:00:00,2024.10.05 00:00:00,102808.43000,105139.19000,100336.78000,102601.73000
2024.10.06 00:00:00,2024.10.06 00:00:00,102570.62000,103918.95000,99335.13000,103767.20000
2024.10.07 00:00:00,2024.10.07 00:00:00,103753.02000,104731.98000,99736.09000,102643.58000
2024.10.08 00:00:00,2024.10.08 00:00:00,102681.61000,106821.87000,100481.93000,102265.16000
2024.10.09 00:00:00,2024.10.09 00:00:00,102246.87000,109100.82000,102239.03000,109038.85000
2024.10.10 00:00:00,2024.10.10 00:00:00,109020.37000,110870.14000,107014.12000,108332.58000
2024.10.11 00:00:00,2024.10.11 00:00:00,108320.13000,113962.95000,107636.80000,112937.33000
2024.10.12 00:00:00,2024.10.12 00:00:00,112927.65000,114589.37000,107648.60000,108011.94000
2024.10.13 00:00:00,2024.10.13 00:00:00,107991.61000,112837.63000,106151.09000,110958.36000
2024.10.14 00:00:00,2024.10.14 00:00:00,110965.11000,114885.30000,107202.31000,114591.03000
2024.10.15 00:00:00,2024.10.15 00:00:00,114623.21000,124724.55000,113828.74000,122252.65000
2024.10.16 00:00:00,2024.10.16 00:00:00,122253.32000,124430.69000,118459.76000,121746.16000
2024.10.17 00:00:00,2024.10.17 00:00:00,121780.42000,121780.42000,112715.57000,112750.10000
2024.10.18 00:00:00,2024.10.18 00:00:00,112767.22000,115781.18000,109882.63000,110175.18000
2024.10.19 00:00:00,2024.10.19 00:00:00,110136.14000,111262.56000,106182.85000,111074.54000
2024.10.20 00:00:00,2024.10.20 00:00:00,111053.23000,114643.20000,109928.95000,110075.55000
2024.10.21 00:00:00,2024.10.21 00:00:00,110080.35000,112127.24000,106889.86000,110244.75000
2024.10.22 00:00:00,2024.10.22 00:00:00,110247.55000,113556.71000,108378.03000,111199.92000
2024.10.23 00:00:00,2024.10.23 00:00:00,111190.05000,112122.75000,108403.27000,109621.71000
2024.10.24 00:00:00,2024.10.24 00:00:00,109647.34000,111178.50000,105897.93000,108727.53000
2024.10.25 00:00:00,2024.10.25 00:00:00,108723.61000,111808.92000,107520.14000,108978.33000
2024.10.26 00:00:00,2024.10.26 00:00:00,108942.70000,115270.33000,108765.52000,111957.65000
2024.10.27 00:00:00,2024.10.27 00:00:00,111992.67000,113174.99000,106222.87000,106949.88000
2024.10.28 00:00:00,2024.10.28 00:00:00,106960.31000,109728.52000,104493.60000,104659.90000
2024.10.29 00:00:00,2024.10.29 00:00:00,104660.79000,105101.13000,99046.93000,101204.28000
2024.10.30 00:00:00,2024.10.30 00:00:00,101181.00000,105077.83000,99986.40000,104578.64000
2024.10.31 00:00:00,2024.10.31 00:00:00,104562.63000,106997.34000,100988.64000,101021.28000
2024.11.01 00:00:00,2024.11.01 00:00:00,101026.27000,105235.72000,100031.43000,103458.83000
2024.11.02 00:00:00,2024.11.02 00:00:00,103459.00000,110425.37000,103036.65000,110401.35000
2024.11.03 00:00:00,2024.11.03 00:00:00,110416.68000,114061.67000,108605.56000,112879.87000
2024.11.04 00:00:00,2024.11.04 00:00:00,112878.56000,119049.99000,111590.96000,114761.53000
2024.11.05 00:00:00,2024.11.05 00:00:00,114765.86000,115424.02000,103401.90000,104547.37000
2024.11.06 00:00:00,2024.11.06 00:00:00,104549.47000,105461.84000,93674.04000,95121.71000
2024.11.07 00:00:00,2024.11.07 00:00:00,95140.49000,100986.24000,92106.21000,99734.20000
2024.11.08 00:00:00,2024.11.08 00:00:00,99737.73000,105322.96000,96547.97000,105088.23000
2024.11.09 00:00:00,2024.11.09 00:00:00,105074.50000,107914.94000,102437.54000,105495.56000
2024.11.10 00:00:00,2024.11.10 00:00:00,105509.15000,109794.47000,102554.22000,102648.72000
2024.11.11 00:00:00,2024.11.11 00:00:00,102650.74000,103627.25000,92185.92000,92236.86000
2024.11.12 00:00:00,2024.11.12 00:00:00,92250.51000,92565.87000,89407.27000,90612.69000
2024.11.13 00:00:00,2024.11.13 00:00:00,90578.19000,90860.81000,83411.17000,85388.96000
2024.11.14 00:00:00,2024.11.14 00:00:00,85394.72000,87955.74000,82529.38000,86027.86000
2024.11.15 00:00:00,2024.11.15 00:00:00,86024.81000,90625.44000,85766.37000,90558.23000
2024.11.16 00:00:00,2024.11.16 00:00:00,90558.61000,90809.60000,85298.68000,86453.29000
2024.11.17 00:00:00,2024.11.17 00:00:00,86444.53000,87165.61000,79929.73000,81477.32000
2024.11.18 00:00:00,2024.11.18 00:00:00,81450.80000,83803.43000,80682.26000,83016.88000
2024.11.19 00:00:00,2024.11.19 00:00:00,83007.40000,85560.70000,82687.74000,83941.17000
2024.11.20 00:00:00,2024.11.20 00:00:00,83970.84000,86842.72000,80454.13000,82288.11000
2024.11.21 00:00:00,2024.11.21 00:00:00,82301.34000,84626.50000,80498.78000,81378.95000
2024.11.22 00:00:00,2024.11.22 00:00:00,81392.86000,87665.87000,80784.04000,87558.82000
2024.11.23 00:00:00,2024.11.23 00:00:00,87569.00000,87875.43000,81867.86000,83324.53000
2024.11.24 00:00:00,2024.11.24 00:00:00,83315.02000,83684.94000,78479.10000,83031.84000
2024.11.25 00:00:00,2024.11.25 00:00:00,83054.00000,84197.72000,78345.19000,80948.60000
2024.11.26 00:00:00,2024.11.26 00:00:00,80965.37000,82227.83000,78929.12000,81372.71000
2024.11.27 00:00:00,2024.11.27 00:00:00,81383.16000,82958.84000,78084.59000,78360.28000
2024.11.28 00:00:00,2024.11.28 00:00:00,78375.59000,80625.72000,77897.69000,79515.94000
2024.11.29 00:00:00,2024.11.29 00:00:00,79525.08000,81900.88000,78465.55000,79489.08000
2024.11.30 00:00:00,2024.11.30 00:00:00,79496.42000,81619.48000,76752.71000,79697.91000
2024.12.01 00:00:00,2024.12.01 00:00:00,79720.09000,80756.47000,77605.85000,78573.36000
2024.12.02 00:00:00,2024.12.02 00:00:00,78611.28000,81668.49000,78287.02000,80273.72000
2024.12.03 00:00:00,2024.12.03 00:00:00,80291.62000,86256.05000,78635.45000,84456.26000
2024.12.04 00:00:00,2024.12.04 00:00:00,84447.92000,89964.76000,84221.77000,89386.48000
2024.12.05 00:00:00,2024.12.05 00:00:00,89410.55000,95510.03000,88192.42000,94955.03000
2024.12.06 00:00:00,2024.12.06 00:00:00,94949.01000,102673.55000,94432.40000,100183.62000
2024.12.07 00:00:00,2024.12.07 00:00:00,100217.37000,103259.24000,97676.85000,101388.55000
2024.12.08 00:00:00,2024.12.08 00:00:00,101355.62000,104626.80000,99014.93000,102312.76000
2024.12.09 00:00:00,2024.12.09 00:00:00,102316.60000,107974.49000,102043.37000,103341.10000
2024.12.10 00:00:00,2024.12.10 00:00:00,103295.57000,106307.62000,101203.89000,103204.22000
2024.12.11 00:00:00,2024.12.11 00:00:00,103178.83000,104866.26000,98235.76000,99004.22000
2024.12.12 00:00:00,2024.12.12 00:00:00,98994.55000,102960.13000,96877.75000,98853.25000
2024.12.13 00:00:00,2024.12.13 00:00:00,98906.45000,102398.32000,97232.42000,101853.13000
2024.12.14 00:00:00,2024.12.14 00:00:00,101854.34000,103134.79000,99088.09000,101161.98000
2024.12.15 00:00:00,2024.12.15 00:00:00,101168.66000,105530.18000,100151.04000,102999.97000
2024.12.16 00:00:00,2024.12.16 00:00:00,103007.56000,103849.66000,97424.20000,103727.52000
2024.12.17 00:00:00,2024.12.17 00:00:00,103735.79000,106224.01000,102077.54000,102939.97000
2024.12.18 00:00:00,2024.12.18 00:00:00,102911.29000,106659.22000,102263.56000,105642.26000
2024.12.19 00:00:00,2024.12.19 00:00:00,105648.49000,109419.39000,105454.62000,106622.65000
2024.12.20 00:00:00,2024.12.20 00:00:00,106635.52000,108503.55000,100624.09000,101106.34000
2024.12.21 00:00:00,2024.12.21 00:00:00,101118.06000,101602.57000,95942.89000,99688.99000
2024.12.22 00:00:00,2024.12.22 00:00:00,99677.96000,107635.26000,99464.02000,107154.25000
2024.12.23 00:00:00,2024.12.23 00:00:00,107141.05000,107189.32000,96230.78000,96546.93000
2024.12.24 00:00:00,2024.12.24 00:00:00,96578.26000,99740.60000,93532.39000,95559.63000
2024.12.25 00:00:00,2024.12.25 00:00:00,95604.20000,97672.48000,92970.77000,93881.12000
2024.12.26 00:00:00,2024.12.26 00:00:00,93908.30000,94916.85000,91230.65000,94098.85000
2024.12.27 00:00:00,2024.12.27 00:00:00,94113.64000,99647.15000,93980.63000,99105.76000
2024.12.28 00:00:00,2024.12.28 00:00:00,99127.49000,101353.37000,97389.39000,99488.86000
2024.12.29 00:00:00,2024.12.29 00:00:00,99480.26000,103783.56000,98919.36000,102092.36000
2024.12.30 00:00:00,2024.12.30 00:00:00,102075.70000,102798.35000,94896.21000,95294.82000
2024.12.31 00:00:00,2024.12.31 00:00:00,95279.97000,100682.80000,94761.68000,99874.32000
2025.01.01 00:00:00,2025.01.01 00:00:00,99883.75000,100079.30000,94817.05000,95398.77000
2025.01.02 00:00:00,2025.01.02 00:00:00,95389.01000,103286.96000,94924.04000,103209.36000
2025.01.03 00:00:00,2025.01.03 00:00:00,103172.66000,103554.53000,98928.42000,100831.42000
2025.01.04 00:00:00,2025.01.04 00:00:00,100847.31000,103884.12000,98087.21000,100786.97000
2025.01.05 00:00:00,2025.01.05 00:00:00,100809.23000,107428.67000,100106.82000,102638.09000
2025.01.06 00:00:00,2025.01.06 00:00:00,102613.31000,103852.12000,98941.76000,100643.64000
2025.01.07 00:00:00,2025.01.07 00:00:00,100652.96000,103534.91000,99584.04000,102423.32000
2025.01.08 00:00:00,2025.01.08 00:00:00,102458.70000,104179.99000,98875.62000,100662.33000
2025.01.09 00:00:00,2025.01.09 00:00:00,100676.15000,103450.66000,97713.28000,98334.04000
2025.01.10 00:00:00,2025.01.10 00:00:00,98327.80000,99925.24000,96281.65000,97962.87000
2025.01.11 00:00:00,2025.01.11 00:00:00,97961.73000,101163.85000,95572.74000,101148.54000
2025.01.12 00:00:00,2025.01.12 00:00:00,101139.55000,104278.39000,100253.56000,100638.62000
2025.01.13 00:00:00,2025.01.13 00:00:00,100642.27000,101865.58000,97913.91000,99282.81000
2025.01.14 00:00:00,2025.01.14 00:00:00,99318.71000,100686.95000,94561.02000,99069.82000
2025.01.15 00:00:00,2025.01.15 00:00:00,99065.28000,100225.61000,91648.68000,93271.25000
2025.01.16 00:00:00,2025.01.16 00:00:00,93215.71000,97537.87000,92410.46000,96566.50000
2025.01.17 00:00:00,2025.01.17 00:00:00,96546.74000,99022.32000,93700.54000,95838.25000
2025.01.18 00:00:00,2025.01.18 00:00:00,95837.07000,101586.21000,95267.78000,100880.31000
2025.01.19 00:00:00,2025.01.19 00:00:00,100881.46000,100881.46000,90296.40000,92940.10000
2025.01.20 00:00:00,2025.01.20 00:00:00,92931.38000,93238.53000,88701.62000,90045.82000
2025.01.21 00:00:00,2025.01.21 00:00:00,90049.86000,90542.38000,86159.14000,88964.35000
2025.01.22 00:00:00,2025.01.22 00:00:00,88946.97000,92943.07000,86491.99000,92035.36000
2025.01.23 00:00:00,2025.01.23 00:00:00,92029.85000,98233.55000,92001.20000,95183.71000
2025.01.24 00:00:00,2025.01.24 00:00:00,95222.69000,101589.26000,95214.52000,99932.00000
2025.01.25 00:00:00,2025.01.25 00:00:00,99896.27000,101070.30000,96230.55000,97079.09000
2025.01.26 00:00:00,2025.01.26 00:00:00,97068.89000,98826.77000,93909.24000,95353.84000
2025.01.27 00:00:00,2025.01.27 00:00:00,95371.43000,97744.27000,93174.03000,94062.59000
2025.01.28 00:00:00,2025.01.28 00:00:00,94058.38000,96947.86000,90323.01000,90994.92000
2025.01.29 00:00:00,2025.01.29 00:00:00,90989.98000,92256.75000,86595.71000,89020.38000
2025.01.30 00:00:00,2025.01.30 00:00:00,89035.69000,89664.20000,87051.29000,88308.57000
2025.01.31 00:00:00,2025.01.31 00:00:00,88330.69000,90198.11000,86651.89000,88147.50000
2025.02.01 00:00:00,2025.02.01 00:00:00,88143.85000,89085.51000,80391.33000,80876.10000
2025.02.02 00:00:00,2025.02.02 00:00:00,80866.42000,85294.54000,80788.03000,84968.45000
2025.02.03 00:00:00,2025.02.03 00:00:00,84985.78000,88149.66000,83987.61000,87625.47000
2025.02.04 00:00:00,2025.02.04 00:00:00,87628.17000,89705.74000,85301.71000,85913.68000
2025.02.05 00:00:00,2025.02.05 00:00:00,85919.18000,86855.06000,81602.86000,81933.53000
2025.02.06 00:00:00,2025.02.06 00:00:00,81959.40000,85871.79000,81493.92000,84869.70000
2025.02.07 00:00:00,2025.02.07 00:00:00,84843.79000,86603.94000,78139.01000,79186.72000
2025.02.08 00:00:00,2025.02.08 00:00:00,79167.17000,81201.96000,78165.40000,81121.16000
2025.02.09 00:00:00,2025.02.09 00:00:00,81144.37000,82932.31000,79263.61000,80239.11000
2025.02.10 00:00:00,2025.02.10 00:00:00,80220.22000,80513.51000,75802.15000,78466.05000
2025.02.11 00:00:00,2025.02.11 00:00:00,78448.31000,79041.44000,73953.39000,76555.76000
2025.02.12 00:00:00,2025.02.12 00:00:00,76586.82000,76715.98000,71787.80000,72253.78000
2025.02.13 00:00:00,2025.02.13 00:00:00,72241.26000,74732.07000,70489.78000,72337.47000
2025.02.14 00:00:00,2025.02.14 00:00:00,72330.46000,75185.69000,71980.74000,74621.82000
2025.02.15 00:00:00,2025.02.15 00:00:00,74634.11000,77152.93000,71473.25000,76758.79000
2025.02.16 00:00:00,2025.02.16 00:00:00,76774.50000,78794.49000,75249.46000,78421.31000
2025.02.17 00:00:00,2025.02.17 00:00:00,78424.07000,80673.05000,76197.96000,79216.96000
2025.02.18 00:00:00,2025.02.18 00:00:00,79209.69000,82317.90000,77367.45000,78248.38000
2025.02.19 00:00:00,2025.02.19 00:00:00,78237.23000,81847.21000,77269.86000,80411.70000
2025.02.20 00:00:00,2025.02.20 00:00:00,80407.16000,86870.96000,80008.61000,85988.00000
2025.02.21 00:00:00,2025.02.21 00:00:00,85991.40000,88379.48000,84666.39000,85269.75000
2025.02.22 00:00:00,2025.02.22 00:00:00,85273.67000,88562.50000,81658.74000,87877.17000
2025.02.23 00:00:00,2025.02.23 00:00:00,87878.44000,90273.38000,86955.00000,88140.31000
2025.02.24 00:00:00,2025.02.24 00:00:00,88124.23000,90480.44000,84171.83000,84764.88000
2025.02.25 00:00:00,2025.02.25 00:00:00,84772.39000,86997.37000,83433.90000,86061.90000
2025.02.26 00:00:00,2025.02.26 00:00:00,86042.30000,89639.95000,83729.06000,86595.17000
2025.02.27 00:00:00,2025.02.27 00:00:00,86633.29000,92060.49000,85326.27000,90990.68000
2025.02.28 00:00:00,2025.02.28 00:00:00,90996.82000,93794.21000,88305.87000,91153.26000
2025.03.01 00:00:00,2025.03.01 00:00:00,91169.43000,96842.36000,88931.25000,96453.20000
2025.03.02 00:00:00,2025.03.02 00:00:00,96444.97000,96698.17000,90534.59000,94183.82000
2025.03.03 00:00:00,2025.03.03 00:00:00,94179.72000,95648.04000,89072.52000,90845.39000
2025.03.04 00:00:00,2025.03.04 00:00:00,90855.77000,93687.85000,88825.44000,93647.05000
2025.03.05 00:00:00,2025.03.05 00:00:00,93654.28000,95876.83000,90525.43000,93522.18000
2025.03.06 00:00:00,2025.03.06 00:00:00,93503.82000,93645.18000,88322.30000,88873.10000
2025.03.07 00:00:00,2025.03.07 00:00:00,88888.53000,97166.63000,88681.86000,95446.21000
2025.03.08 00:00:00,2025.03.08 00:00:00,95457.64000,96221.71000,91285.17000,92806.80000
2025.03.09 00:00:00,2025.03.09 00:00:00,92816.82000,98234.95000,92714.45000,95521.87000
2025.03.10 00:00:00,2025.03.10 00:00:00,95515.96000,96395.66000,91026.95000,95001.46000
2025.03.11 00:00:00,2025.03.11 00:00:00,95000.52000,98540.33000,92492.99000,97094.42000
2025.03.12 00:00:00,2025.03.12 00:00:00,97065.37000,98954.20000,93540.57000,94128.43000
2025.03.13 00:00:00,2025.03.13 00:00:00,94144.89000,95107.95000,91103.17000,93822.69000
2025.03.14 00:00:00,2025.03.14 00:00:00,93800.75000,96102.09000,90732.57000,94580.77000
2025.03.15 00:00:00,2025.03.15 00:00:00,94558.54000,96734.30000,91689.58000,92007.62000
2025.03.16 00:00:00,2025.03.16 00:00:00,92012.79000,93297.71000,86641.07000,86959.03000
2025.03.17 00:00:00,2025.03.17 00:00:00,86946.93000,93070.67000,85397.04000,92685.98000
2025.03.18 00:00:00,2025.03.18 00:00:00,92682.54000,94689.30000,91276.89000,94142.74000
2025.03.19 00:00:00,2025.03.19 00:00:00,94154.49000,95907.78000,91361.84000,94873.74000
2025.03.20 00:00:00,2025.03.20 00:00:00,94886.23000,100466.45000,94713.21000,95031.29000
2025.03.21 00:00:00,2025.03.21 00:00:00,95003.56000,95139.80000,90496.35000,92325.12000
2025.03.22 00:00:00,2025.03.22 00:00:00,92298.93000,101647.88000,92232.06000,99683.48000
2025.03.23 00:00:00,2025.03.23 00:00:00,99706.32000,106306.95000,97787.57000,105980.83000
2025.03.24 00:00:00,2025.03.24 00:00:00,106015.11000,108721.30000,104838.12000,107511.74000
2025.03.25 00:00:00,2025.03.25 00:00:00,107523.58000,117022.34000,107209.03000,112199.10000
2025.03.26 00:00:00,2025.03.26 00:00:00,112193.66000,114478.64000,109193.77000,110358.49000
2025.03.27 00:00:00,2025.03.27 00:00:00,110338.85000,115078.96000,109665.80000,112984.54000
2025.03.28 00:00:00,2025.03.28 00:00:00,112968.96000,118424.76000,111056.17000,118350.74000
2025.03.29 00:00:00,2025.03.29 00:00:00,118309.20000,121813.39000,116088.64000,117537.93000
2025.03.30 00:00:00,2025.03.30 00:00:00,117558.10000,124506.65000,114855.59000,123600.72000
2025.03.31 00:00:00,2025.03.31 00:00:00,123634.26000,124836.26000,117680.12000,118493.29000
2025.04.01 00:00:00,2025.04.01 00:00:00,118498.22000,122315.47000,115790.95000,119313.67000
2025.04.02 00:00:00,2025.04.02 00:00:00,119283.28000,127846.60000,118785.38000,127214.83000
2025.04.03 00:00:00,2025.04.03 00:00:00,127250.95000,127911.65000,119410.12000,122495.11000
2025.04.04 00:00:00,2025.04.04 00:00:00,122490.89000,122545.24000,114650.99000,115842.20000
2025.04.05 00:00:00,2025.04.05 00:00:00,115837.99000,116286.43000,108123.06000,113344.77000
2025.04.06 00:00:00,2025.04.06 00:00:00,113341.58000,117647.90000,111563.58000,116540.60000
2025.04.07 00:00:00,2025.04.07 00:00:00,116566.52000,119296.81000,113269.65000,116377.35000
2025.04.08 00:00:00,2025.04.08 00:00:00,116399.40000,127414.37000,115162.82000,125191.76000
2025.04.09 00:00:00,2025.04.09 00:00:00,125228.03000,131466.86000,123977.65000,125384.19000
2025.04.10 00:00:00,2025.04.10 00:00:00,125399.68000,125818.63000,118589.10000,121915.39000
2025.04.11 00:00:00,2025.04.11 00:00:00,121864.95000,122926.16000,116962.33000,120100.50000
2025.04.12 00:00:00,2025.04.12 00:00:00,120093.91000,123722.75000,116757.21000,117886.21000
2025.04.13 00:00:00,2025.04.13 00:00:00,117859.81000,127960.77000,117368.50000,126814.89000
2025.04.14 00:00:00,2025.04.14 00:00:00,126850.27000,135282.68000,126632.99000,130222.83000
2025.04.15 00:00:00,2025.04.15 00:00:00,130214.05000,136012.44000,130214.05000,133012.30000
2025.04.16 00:00:00,2025.04.16 00:00:00,133009.98000,133889.08000,125644.60000,126150.41000
2025.04.17 00:00:00,2025.04.17 00:00:00,126134.28000,132225.89000,125091.66000,131792.97000
2025.04.18 00:00:00,2025.04.18 00:00:00,131804.99000,134110.62000,124905.24000,129858.50000
2025.04.19 00:00:00,2025.04.19 00:00:00,129869.78000,130737.05000,124078.24000,128882.30000
2025.04.20 00:00:00,2025.04.20 00:00:00,128896.12000,132056.36000,128020.84000,129317.07000
2025.04.21 00:00:00,2025.04.21 00:00:00,129321.28000,137495.08000,129075.10000,132816.54000
2025.04.22 00:00:00,2025.04.22 00:00:00,132834.77000,140848.53000,132437.20000,139713.96000
2025.04.23 00:00:00,2025.04.23 00:00:00,139762.04000,141087.74000,135727.94000,136789.76000
2025.04.24 00:00:00,2025.04.24 00:00:00,136763.14000,137179.76000,121640.98000,125346.82000
2025.04.25 00:00:00,2025.04.25 00:00:00,125358.69000,131804.62000,120100.60000,129519.01000
2025.04.26 00:00:00,2025.04.26 00:00:00,129505.81000,131474.49000,117700.39000,117873.66000
2025.04.27 00:00:00,2025.04.27 00:00:00,117845.57000,124694.50000,117654.94000,123349.83000
2025.04.28 00:00:00,2025.04.28 00:00:00,123331.37000,125143.61000,120604.14000,121556.70000
2025.04.29 00:00:00,2025.04.29 00:00:00,121582.46000,124766.12000,117428.30000,118863.00000
2025.04.30 00:00:00,2025.04.30 00:00:00,118880.71000,122152.74000,116227.72000,117606.75000
2025.05.01 00:00:00,2025.05.01 00:00:00,117624.12000,119055.40000,109183.75000,112514.05000
2025.05.02 00:00:00,2025.05.02 00:00:00,112515.66000,113988.89000,109573.76000,111863.00000
2025.05.03 00:00:00,2025.05.03 00:00:00,111844.63000,119353.76000,108745.26000,119352.62000
2025.05.04 00:00:00,2025.05.04 00:00:00,119345.69000,123193.03000,115785.90000,116232.74000
2025.05.05 00:00:00,2025.05.05 00:00:00,116214.52000,118727.74000,111492.20000,115089.43000
2025.05.06 00:00:00,2025.05.06 00:00:00,115036.22000,115337.57000,108968.38000,111975.72000
2025.05.07 00:00:00,2025.05.07 00:00:00,111951.36000,112977.16000,107091.71000,108814.12000
2025.05.08 00:00:00,2025.05.08 00:00:00,108840.54000,111302.37000,102407.45000,105708.55000
2025.05.09 00:00:00,2025.05.09 00:00:00,105685.99000,107579.99000,103813.88000,106241.29000
2025.05.10 00:00:00,2025.05.10 00:00:00,106215.45000,112792.00000,105746.11000,108396.42000
2025.05.11 00:00:00,2025.05.11 00:00:00,108360.64000,115499.59000,107880.70000,111974.94000
2025.05.12 00:00:00,2025.05.12 00:00:00,111965.71000,112043.13000,102964.68000,104045.20000
2025.05.13 00:00:00,2025.05.13 00:00:00,104069.73000,111294.43000,102880.62000,109615.57000
2025.05.14 00:00:00,2025.05.14 00:00:00,109616.82000,112158.71000,108022.84000,110505.82000
2025.05.15 00:00:00,2025.05.15 00:00:00,110500.45000,110625.19000,100612.48000,100885.85000
2025.05.16 00:00:00,2025.05.16 00:00:00,100889.70000,103550.10000,98963.88000,101595.29000
2025.05.17 00:00:00,2025.05.17 00:00:00,101576.45000,103940.29000,96834.80000,97569.61000
2025.05.18 00:00:00,2025.05.18 00:00:00,97572.66000,98445.33000,91076.13000,92905.02000
2025.05.19 00:00:00,2025.05.19 00:00:00,92922.48000,94049.05000,89679.94000,92720.50000
2025.05.20 00:00:00,2025.05.20 00:00:00,92693.78000,98514.14000,92168.05000,97759.82000
2025.05.21 00:00:00,2025.05.21 00:00:00,97742.88000,102853.12000,97485.77000,102300.44000
2025.05.22 00:00:00,2025.05.22 00:00:00,102294.35000,103569.87000,96871.50000,98196.45000
2025.05.23 00:00:00,2025.05.23 00:00:00,98173.78000,98588.66000,92427.40000,93648.59000
2025.05.24 00:00:00,2025.05.24 00:00:00,93647.29000,102107.40000,92881.95000,100697.03000
2025.05.25 00:00:00,2025.05.25 00:00:00,100669.25000,101672.86000,95119.07000,99719.70000
2025.05.26 00:00:00,2025.05.26 00:00:00,99735.26000,101580.83000,96505.94000,100006.08000
2025.05.27 00:00:00,2025.05.27 00:00:00,99997.54000,108042.42000,99335.24000,106078.45000
2025.05.28 00:00:00,2025.05.28 00:00:00,106064.10000,107126.78000,101125.86000,104834.45000
2025.05.29 00:00:00,2025.05.29 00:00:00,104800.15000,106126.29000,100822.97000,103242.73000
2025.05.30 00:00:00,2025.05.30 00:00:00,103242.87000,113625.77000,102837.21000,112287.11000
2025.05.31 00:00:00,2025.05.31 00:00:00,112267.75000,117917.02000,110371.08000,114827.13000
2025.06.01 00:00:00,2025.06.01 00:00:00,114839.42000,115022.30000,109516.29000,111326.32000
2025.06.02 00:00:00,2025.06.02 00:00:00,111345.31000,113804.64000,103939.64000,105461.24000
2025.06.03 00:00:00,2025.06.03 00:00:00,105443.55000,106156.84000,97764.89000,97764.89000
2025.06.04 00:00:00,2025.06.04 00:00:00,97759.31000,98748.54000,92131.89000,93415.46000
2025.06.05 00:00:00,2025.06.05 00:00:00,93393.21000,99237.63000,92215.72000,99113.01000
2025.06.06 00:00:00,2025.06.06 00:00:00,99114.92000,100262.65000,95014.23000,95348.95000
2025.06.07 00:00:00,2025.06.07 00:00:00,95344.30000,102124.34000,95204.51000,102096.79000
2025.06.08 00:00:00,2025.06.08 00:00:00,102081.59000,106589.49000,101789.92000,106390.79000
2025.06.09 00:00:00,2025.06.09 00:00:00,106408.95000,108587.96000,99357.62000,105164.05000
2025.06.10 00:00:00,2025.06.10 00:00:00,105156.54000,108830.35000,100609.35000,102753.23000
2025.06.11 00:00:00,2025.06.11 00:00:00,102694.76000,106244.98000,99923.71000,104606.49000
2025.06.12 00:00:00,2025.06.12 00:00:00,104564.46000,109410.75000,103719.66000,105551.55000
2025.06.13 00:00:00,2025.06.13 00:00:00,105591.62000,108206.10000,98945.24000,99624.82000
2025.06.14 00:00:00,2025.06.14 00:00:00,99606.15000,105633.90000,99413.58000,102843.75000
2025.06.15 00:00:00,2025.06.15 00:00:00,102879.59000,103854.43000,100076.41000,102396.42000
2025.06.16 00:00:00,2025.06.16 00:00:00,102406.56000,107724.29000,102076.08000,106403.05000
2025.06.17 00:00:00,2025.06.17 00:00:00,106410.62000,110156.08000,105353.71000,107154.52000
2025.06.18 00:00:00,2025.06.18 00:00:00,107168.18000,108256.23000,101651.73000,107457.29000
2025.06.19 00:00:00,2025.06.19 00:00:00,107441.51000,111084.56000,106869.01000,108568.49000
2025.06.20 00:00:00,2025.06.20 00:00:00,108562.33000,111766.83000,106895.28000,109287.07000
2025.06.21 00:00:00,2025.06.21 00:00:00,109269.71000,111037.37000,105941.59000,108151.87000
2025.06.22 00:00:00,2025.06.22 00:00:00,108144.04000,114096.90000,105292.90000,113074.14000
2025.06.23 00:00:00,2025.06.23 00:00:00,113102.61000,114499.64000,108642.03000,108935.71000
2025.06.24 00:00:00,2025.06.24 00:00:00,108942.82000,111068.71000,103259.15000,103970.14000
2025.06.25 00:00:00,2025.06.25 00:00:00,103962.26000,104048.59000,99390.15000,100872.84000
2025.06.26 00:00:00,2025.06.26 00:00:00,100840.15000,104415.98000,99073.60000,101039.51000
2025.06.27 00:00:00,2025.06.27 00:00:00,101029.01000,101533.62000,92895.20000,93801.68000
2025.06.28 00:00:00,2025.06.28 00:00:00,93804.16000,98006.60000,92974.40000,93833.82000
2025.06.29 00:00:00,2025.06.29 00:00:00,93842.43000,97606.60000,92694.16000,97377.91000
2025.06.30 00:00:00,2025.06.30 00:00:00,97422.26000,102498.03000,97280.31000,101646.22000
2025.07.01 00:00:00,2025.07.01 00:00:00,101638.80000,103529.24000,99088.17000,100506.86000
2025.07.02 00:00:00,2025.07.02 00:00:00,100483.78000,101278.42000,96173.68000,97850.08000
2025.07.03 00:00:00,2025.07.03 00:00:00,97855.46000,109572.50000,97838.92000,109451.69000
2025.07.04 00:00:00,2025.07.04 00:00:00,109509.86000,109628.70000,103767.24000,104538.99000
2025.07.05 00:00:00,2025.07.05 00:00:00,104530.87000,106038.14000,100017.49000,103207.54000
2025.07.06 00:00:00,2025.07.06 00:00:00,103240.07000,103943.13000,98315.20000,100172.65000
2025.07.07 00:00:00,2025.07.07 00:00:00,100183.64000,102640.79000,97902.31000,99061.94000
2025.07.08 00:00:00,2025.07.08 00:00:00,99074.26000,102118.34000,97128.50000,97527.11000
2025.07.09 00:00:00,2025.07.09 00:00:00,97547.98000,106704.79000,95525.78000,106135.90000
2025.07.10 00:00:00,2025.07.10 00:00:00,106143.86000,111723.13000,105328.29000,110815.51000
2025.07.11 00:00:00,2025.07.11 00:00:00,105890.94000,107901.91000,104153.33000,104795.67000
2025.07.12 00:00:00,2025.07.12 00:00:00,104777.67000,109388.09000,102675.19000,103097.87000
2025.07.13 00:00:00,2025.07.13 00:00:00,103077.94000,105108.95000,100359.00000,103256.35000
2025.07.14 00:00:00,2025.07.14 00:00:00,103246.76000,104321.56000,99128.76000,100012.70000
2025.07.15 00:00:00,2025.07.15 00:00:00,100001.68000,103440.19000,98491.95000,102657.62000
2025.07.16 00:00:00,2025.07.16 00:00:00,102638.71000,103734.76000,96776.86000,97445.23000
2025.07.17 00:00:00,2025.07.17 00:00:00,97449.95000,106064.09000,96493.59000,104086.55000
2025.07.18 00:00:00,2025.07.18 00:00:00,104087.38000,108423.60000,103353.94000,104659.84000
2025.07.19 00:00:00,2025.07.19 00:00:00,104652.70000,104956.60000,95911.38000,97741.34000
2025.07.20 00:00:00,2025.07.20 00:00:00,97720.94000,100025.39000,96207.88000,98700.93000
